{"stats":{"minecraft:broken":{"minecraft:iron_shovel":2,"minecraft:wooden_axe":1,"minecraft:stone_shovel":5,"minecraft:stone_hoe":2},"minecraft:custom":{"minecraft:interact_with_furnace":25,"minecraft:mob_kills":16,"minecraft:interact_with_crafting_table":18,"minecraft:leave_game":1,"minecraft:time_since_death":83244,"minecraft:time_since_rest":83291,"minecraft:sprint_one_cm":396179,"minecraft:damage_taken":1035,"minecraft:walk_one_cm":739078,"minecraft:damage_dealt":2659,"minecraft:fly_one_cm":114529,"minecraft:open_chest":10,"minecraft:crouch_one_cm":2,"minecraft:play_time":122984,"minecraft:deaths":1,"minecraft:sneak_time":30,"minecraft:walk_under_water_one_cm":2149,"minecraft:jump":1078,"minecraft:walk_on_water_one_cm":5083,"minecraft:total_world_time":122984,"minecraft:fall_one_cm":12653},"minecraft:picked_up":{"minecraft:crafting_table":1,"minecraft:wheat":5,"minecraft:feather":7,"minecraft:cooked_beef":12,"minecraft:chicken":3,"minecraft:potato":16,"usefulbackpacks:backpack_medium":1,"minecraft:oak_log":15,"minecraft:dirt":1220,"minecraft:string":3,"minecraft:experience_bottle":1,"minecraft:bone":2,"minecraft:bow":1,"minecraft:wheat_seeds":82,"minecraft:spruce_planks":1,"minecraft:iron_ingot":49,"minecraft:poppy":1,"minecraft:egg":3,"minecraft:stick":2,"minecraft:dandelion":7,"minecraft:spruce_sapling":2,"minecraft:spruce_log":54,"minecraft:arrow":3,"minecraft:rotten_flesh":10,"minecraft:cobblestone":72},"minecraft:killed":{"minecraft:spider":2,"minecraft:skeleton":2,"minecraft:pillager":2,"minecraft:zombie":6,"minecraft:chicken":3},"minecraft:crafted":{"minecraft:oak_planks":60,"minecraft:stone_shovel":7,"minecraft:crafting_table":2,"minecraft:spruce_planks":24,"minecraft:cooked_chicken":3,"minecraft:iron_helmet":1,"minecraft:wooden_pickaxe":1,"minecraft:iron_sword":1,"minecraft:furnace":2,"minecraft:bucket":3,"minecraft:air":0,"minecraft:iron_chestplate":1,"minecraft:iron_boots":1,"minecraft:charcoal":45,"minecraft:iron_axe":1,"minecraft:stick":48,"minecraft:iron_pickaxe":1,"minecraft:wooden_axe":1,"minecraft:chest":2,"minecraft:iron_shovel":8,"minecraft:iron_leggings":1,"minecraft:stone_hoe":4},"minecraft:used":{"minecraft:wheat_seeds":71,"minecraft:water_bucket":6,"minecraft:iron_shovel":552,"minecraft:stone_shovel":690,"minecraft:wooden_pickaxe":5,"minecraft:spruce_planks":1,"minecraft:chest":2,"minecraft:iron_sword":52,"minecraft:stone_hoe":326,"minecraft:cooked_chicken":2,"minecraft:dirt":1089,"minecraft:crafting_table":3,"minecraft:wooden_axe":59,"minecraft:iron_axe":23,"minecraft:iron_pickaxe":71,"minecraft:furnace":2,"minecraft:bucket":6,"minecraft:egg":3,"minecraft:potato":17,"minecraft:cooked_beef":12,"minecraft:experience_bottle":1},"minecraft:mined":{"minecraft:spruce_planks":1,"minecraft:dandelion":5,"minecraft:crafting_table":1,"minecraft:grass_block":1074,"minecraft:poppy":1,"minecraft:tall_grass":9,"minecraft:spruce_leaves":13,"minecraft:wheat":5,"minecraft:spruce_log":57,"minecraft:birch_leaves":1,"minecraft:grass":601,"minecraft:potatoes":2,"minecraft:oak_log":15,"minecraft:dirt":127,"minecraft:stone":70,"minecraft:oak_leaves":7}},"DataVersion":3463}