{"stats":{"minecraft:broken":{"minecraft:iron_shovel":1,"minecraft:iron_boots":1,"minecraft:iron_chestplate":1,"minecraft:iron_leggings":1,"minecraft:wooden_pickaxe":2,"minecraft:stone_pickaxe":6,"minecraft:iron_axe":4,"minecraft:stone_axe":1,"minecraft:iron_pickaxe":9,"minecraft:iron_helmet":1},"minecraft:killed":{"minecraft:cave_spider":3,"minecraft:spider":3,"minecraft:skeleton":17,"minecraft:chicken":1,"minecraft:hoglin":2,"minecraft:creeper":1,"minecraft:sheep":7,"minecraft:zombie":15,"minecraft:enderman":1,"minecraft:cow":20},"minecraft:custom":{"minecraft:mob_kills":73,"minecraft:interact_with_crafting_table":86,"minecraft:leave_game":51,"minecraft:time_since_death":100058,"minecraft:climb_one_cm":8263,"minecraft:sprint_one_cm":635194,"minecraft:walk_one_cm":4005557,"minecraft:damage_blocked_by_shield":1940,"minecraft:drop":143,"minecraft:play_time":754479,"minecraft:sneak_time":1513,"minecraft:deaths":19,"minecraft:walk_under_water_one_cm":62772,"minecraft:boat_one_cm":136035,"minecraft:jump":7327,"minecraft:walk_on_water_one_cm":76304,"minecraft:total_world_time":754479,"minecraft:interact_with_furnace":189,"minecraft:time_since_rest":100087,"minecraft:damage_taken":7664,"minecraft:damage_dealt":12270,"minecraft:swim_one_cm":96936,"minecraft:fly_one_cm":69879,"minecraft:open_chest":243,"minecraft:crouch_one_cm":3316,"minecraft:fall_one_cm":93888},"minecraft:mined":{"minecraft:nether_gold_ore":116,"minecraft:large_amethyst_bud":1,"minecraft:tuff":90,"minecraft:spruce_planks":15,"minecraft:mossy_cobblestone":351,"minecraft:deepslate_diamond_ore":13,"minecraft:obsidian":25,"minecraft:cave_vines_plant":10,"minecraft:granite":83,"minecraft:grass_block":94,"minecraft:crimson_roots":3,"minecraft:soul_soil":28,"minecraft:birch_slab":2,"minecraft:spruce_leaves":162,"minecraft:moss_block":55,"minecraft:red_mushroom":1,"minecraft:spawner":1,"minecraft:large_fern":3,"minecraft:spore_blossom":1,"minecraft:redstone_ore":9,"minecraft:furnace":4,"minecraft:iron_ore":183,"minecraft:cobbled_deepslate":12,"minecraft:andesite":56,"minecraft:moss_carpet":1,"minecraft:deepslate_lapis_ore":8,"minecraft:small_amethyst_bud":1,"minecraft:dirt_path":3,"minecraft:cave_vines":6,"minecraft:deepslate_iron_ore":88,"minecraft:vine":2,"minecraft:rail":244,"minecraft:oak_stairs":1,"minecraft:azalea":2,"minecraft:stone":650,"minecraft:podzol":217,"minecraft:deepslate_redstone_ore":7,"minecraft:birch_stairs":1,"minecraft:flowering_azalea":3,"minecraft:brown_mushroom":4,"minecraft:soul_sand":27,"minecraft:amethyst_cluster":8,"minecraft:basalt":16,"minecraft:clay":72,"minecraft:oak_fence":8,"minecraft:crafting_table":4,"minecraft:torch":21,"minecraft:chest":3,"minecraft:dead_bush":1,"minecraft:nether_quartz_ore":16,"minecraft:copper_ore":35,"minecraft:tall_grass":13,"minecraft:deepslate_coal_ore":7,"minecraft:cobblestone":14,"minecraft:deepslate_gold_ore":32,"minecraft:lapis_ore":15,"minecraft:oak_planks":14,"minecraft:diorite":51,"minecraft:wall_torch":11,"minecraft:big_dripleaf":1,"minecraft:birch_planks":3,"minecraft:sweet_berry_bush":26,"minecraft:spruce_log":414,"minecraft:grass":15,"minecraft:oak_log":1,"minecraft:coal_ore":205,"minecraft:gravel":88,"minecraft:sand":18,"minecraft:dirt":85,"minecraft:cobweb":75,"minecraft:smooth_basalt":1,"minecraft:small_dripleaf":1,"minecraft:netherrack":635,"minecraft:gold_ore":10,"minecraft:deepslate":1022,"minecraft:fern":13},"minecraft:picked_up":{"minecraft:crafting_table":4,"minecraft:chicken":1,"minecraft:clay_ball":276,"minecraft:chest_minecart":6,"minecraft:brown_mushroom":19,"minecraft:oak_stairs":1,"minecraft:enchanted_book":1,"minecraft:nether_brick":13,"minecraft:string":8,"minecraft:raw_copper":193,"minecraft:moss_carpet":4,"minecraft:soul_soil":27,"minecraft:iron_axe":1,"minecraft:blackstone":25,"minecraft:activator_rail":2,"minecraft:gold_nugget":437,"minecraft:cobbled_deepslate":971,"minecraft:spruce_planks":15,"minecraft:beef":53,"minecraft:azalea":6,"minecraft:light_gray_wool":1,"minecraft:iron_pickaxe":1,"minecraft:chest":3,"minecraft:furnace":4,"minecraft:egg":17,"minecraft:stick":29,"minecraft:raw_iron":267,"minecraft:big_dripleaf":2,"minecraft:oak_fence":7,"minecraft:torch":36,"minecraft:fire_charge":1,"minecraft:porkchop":6,"minecraft:diorite":53,"minecraft:carrot":1,"minecraft:redstone":66,"minecraft:arrow":25,"minecraft:rotten_flesh":16,"minecraft:tropical_fish":5,"minecraft:gold_ingot":51,"minecraft:glow_berries":14,"minecraft:obsidian":25,"minecraft:mutton":11,"minecraft:rail":257,"minecraft:white_wool":9,"minecraft:cobblestone":669,"minecraft:cooked_beef":10,"minecraft:basalt":16,"minecraft:birch_slab":2,"minecraft:andesite":54,"minecraft:leather":28,"minecraft:red_mushroom":1,"minecraft:birch_planks":2,"minecraft:flint":9,"minecraft:tuff":87,"minecraft:gunpowder":1,"minecraft:lapis_lazuli":159,"minecraft:dirt":401,"minecraft:bone":21,"minecraft:bow":1,"minecraft:wheat_seeds":14,"minecraft:raw_gold":42,"minecraft:spore_blossom":1,"minecraft:cobweb":72,"minecraft:powered_rail":3,"minecraft:moss_block":58,"minecraft:oak_planks":19,"minecraft:flowering_azalea":6,"minecraft:soul_sand":34,"minecraft:smooth_basalt":1,"minecraft:sweet_berries":65,"minecraft:quartz":16,"minecraft:gravel":101,"minecraft:sand":18,"minecraft:amethyst_shard":16,"minecraft:spruce_sapling":49,"minecraft:spruce_log":400,"minecraft:spectral_arrow":12,"minecraft:spider_eye":2,"minecraft:mossy_cobblestone":348,"minecraft:pumpkin_seeds":1,"minecraft:diamond":13,"minecraft:spruce_boat":1,"minecraft:granite":83,"minecraft:bone_meal":1,"minecraft:netherrack":541,"minecraft:coal":212,"minecraft:crimson_roots":2,"minecraft:ender_pearl":1},"minecraft:dropped":{"minecraft:glow_berries":2,"minecraft:leather":10,"minecraft:activator_rail":2,"minecraft:rail":52,"minecraft:iron_axe":1,"minecraft:iron_pickaxe":1,"minecraft:gold_ingot":70,"minecraft:gravel":2,"minecraft:powered_rail":3},"minecraft:crafted":{"minecraft:brick":20,"usefulbackpacks:backpack_small":1,"minecraft:furnace":4,"minecraft:mossy_cobblestone_stairs":24,"minecraft:cobblestone_stairs":8,"minecraft:stone":24,"minecraft:flint_and_steel":1,"minecraft:glass":10,"minecraft:iron_boots":1,"minecraft:iron_axe":5,"minecraft:stone_pickaxe":6,"minecraft:chest":5,"usefulbackpacks:backpack_medium":1,"minecraft:spruce_boat":1,"minecraft:stone_bricks":16,"minecraft:golden_helmet":1,"minecraft:golden_boots":1,"minecraft:cooked_beef":51,"minecraft:glass_bottle":9,"minecraft:crafting_table":3,"minecraft:spruce_planks":720,"minecraft:wooden_pickaxe":4,"minecraft:iron_helmet":1,"minecraft:copper_ingot":129,"minecraft:bucket":2,"minecraft:stone_axe":1,"minecraft:air":0,"minecraft:iron_chestplate":1,"minecraft:diamond_pickaxe":1,"minecraft:shield":1,"minecraft:stick":148,"minecraft:iron_ingot":267,"minecraft:iron_pickaxe":8,"minecraft:wooden_axe":1,"minecraft:iron_shovel":3,"minecraft:iron_leggings":1,"minecraft:gold_ingot":85,"minecraft:torch":428,"minecraft:shears":1},"minecraft:killed_by":{"minecraft:wither_skeleton":1,"minecraft:creeper":1,"minecraft:piglin":1,"minecraft:cave_spider":4,"minecraft:hoglin":3,"minecraft:skeleton":2,"minecraft:zombie":2},"minecraft:used":{"minecraft:iron_shovel":365,"minecraft:flint_and_steel":1,"minecraft:chest":8,"minecraft:spruce_planks":361,"minecraft:shield":49,"minecraft:netherrack":90,"minecraft:iron_chestplate":1,"minecraft:torch":394,"minecraft:soul_sand":2,"minecraft:dirt":5,"minecraft:tuff":4,"minecraft:granite":2,"minecraft:obsidian":11,"minecraft:wooden_axe":20,"minecraft:spruce_boat":2,"minecraft:mossy_cobblestone_stairs":15,"minecraft:iron_axe":907,"minecraft:iron_helmet":1,"minecraft:iron_boots":1,"minecraft:stone_bricks":7,"minecraft:smooth_basalt":1,"minecraft:beef":2,"minecraft:sweet_berries":72,"minecraft:furnace":8,"minecraft:egg":11,"minecraft:cooked_beef":28,"minecraft:cobbled_deepslate":46,"minecraft:iron_leggings":1,"minecraft:water_bucket":3,"minecraft:stone_pickaxe":795,"minecraft:oak_planks":7,"minecraft:wooden_pickaxe":156,"minecraft:glow_berries":32,"minecraft:mossy_cobblestone":127,"minecraft:crafting_table":7,"minecraft:spruce_log":19,"minecraft:shears":75,"minecraft:diamond_pickaxe":1409,"minecraft:iron_pickaxe":2153,"minecraft:gravel":11,"minecraft:stone_axe":103,"minecraft:cobblestone":532,"minecraft:andesite":8,"minecraft:bucket":5}},"DataVersion":3463}