{"stats":{"minecraft:mined":{"minecraft:grass":1,"minecraft:spruce_log":2},"minecraft:picked_up":{"minecraft:spruce_log":2},"minecraft:custom":{"minecraft:jump":237,"minecraft:open_chest":5,"minecraft:time_since_rest":8154,"minecraft:leave_game":2,"minecraft:crouch_one_cm":231,"minecraft:time_since_death":8154,"minecraft:play_time":8154,"minecraft:sprint_one_cm":29862,"minecraft:walk_on_water_one_cm":307,"minecraft:walk_one_cm":12400,"minecraft:sneak_time":32,"minecraft:total_world_time":8154,"minecraft:walk_under_water_one_cm":310,"minecraft:swim_one_cm":1306,"minecraft:fall_one_cm":6237,"minecraft:fly_one_cm":42525}},"DataVersion":3463}