{"stats":{"minecraft:broken":{"minecraft:stone_shovel":9,"minecraft:iron_axe":6,"minecraft:iron_pickaxe":4},"minecraft:killed":{"minecraft:spider":1,"minecraft:skeleton":2,"minecraft:chicken":3,"minecraft:piglin":1,"minecraft:pig":1,"minecraft:sheep":2,"minecraft:zombie":6,"minecraft:cow":18,"minecraft:enderman":1},"minecraft:custom":{"minecraft:interact_with_crafting_table":93,"minecraft:open_barrel":3,"minecraft:leave_game":18,"minecraft:time_since_death":532741,"minecraft:sprint_one_cm":1121505,"minecraft:damage_blocked_by_shield":820,"minecraft:drop":306,"minecraft:talked_to_villager":616,"minecraft:play_time":868994,"minecraft:deaths":8,"minecraft:jump":10384,"minecraft:walk_on_water_one_cm":85803,"minecraft:interact_with_furnace":107,"minecraft:traded_with_villager":458,"minecraft:sleep_in_bed":47,"minecraft:damage_dealt":5398,"minecraft:crouch_one_cm":136720,"minecraft:interact_with_smoker":9,"minecraft:use_cauldron":3,"minecraft:interact_with_smithing_table":1,"minecraft:interact_with_anvil":4,"minecraft:mob_kills":40,"minecraft:fill_cauldron":1,"minecraft:climb_one_cm":47853,"minecraft:walk_one_cm":2260179,"minecraft:sneak_time":33773,"minecraft:walk_under_water_one_cm":48359,"minecraft:boat_one_cm":395495,"minecraft:interact_with_blast_furnace":32,"minecraft:total_world_time":868994,"minecraft:interact_with_stonecutter":12,"minecraft:interact_with_grindstone":1,"minecraft:time_since_rest":5560,"minecraft:damage_taken":6147,"minecraft:swim_one_cm":65428,"minecraft:fly_one_cm":1908177,"minecraft:open_chest":220,"minecraft:fall_one_cm":228720},"minecraft:mined":{"minecraft:white_bed":21,"minecraft:cobblestone_stairs":3,"minecraft:jungle_leaves":242,"minecraft:brewing_stand":1,"minecraft:obsidian":14,"minecraft:granite":5,"minecraft:red_sand":1,"minecraft:grass_block":985,"minecraft:jungle_log":993,"minecraft:cracked_polished_blackstone_bricks":7,"minecraft:soul_soil":1,"minecraft:composter":2,"minecraft:crimson_fungus":2,"minecraft:oxeye_daisy":1,"minecraft:spawner":1,"minecraft:smooth_stone":1,"minecraft:polished_blackstone_bricks":3,"minecraft:weeping_vines_plant":1,"minecraft:iron_ore":110,"minecraft:fire":3,"minecraft:barrel":4,"minecraft:moss_carpet":1,"minecraft:pumpkin":4,"minecraft:fletching_table":20,"minecraft:azure_bluet":2,"minecraft:flowering_azalea_leaves":1,"minecraft:pointed_dripstone":6,"minecraft:cave_vines":4,"minecraft:water_cauldron":4,"minecraft:dirt_path":58,"minecraft:oak_stairs":51,"minecraft:azalea_leaves":1,"minecraft:azalea":1,"minecraft:deepslate_redstone_ore":10,"minecraft:brown_mushroom":1,"minecraft:blackstone":33,"minecraft:crimson_nylium":3,"minecraft:orange_terracotta":8,"minecraft:clay":1,"minecraft:torch":19,"minecraft:blast_furnace":9,"minecraft:poppy":2,"minecraft:melon":31,"minecraft:chest":8,"minecraft:dead_bush":3,"minecraft:nether_quartz_ore":26,"minecraft:cobblestone":174,"minecraft:oak_planks":43,"minecraft:grindstone":7,"minecraft:sugar_cane":5,"minecraft:damaged_anvil":1,"minecraft:wall_torch":24,"minecraft:cauldron":9,"minecraft:skeleton_skull":1,"minecraft:white_terracotta":1,"minecraft:chain":3,"minecraft:birch_log":7,"minecraft:grass":324,"minecraft:oak_log":160,"minecraft:beetroots":3,"minecraft:sand":3,"minecraft:dirt":743,"minecraft:stonecutter":1,"minecraft:netherrack":289,"minecraft:oak_leaves":76,"minecraft:deepslate":195,"minecraft:nether_gold_ore":3,"minecraft:tuff":6,"minecraft:mossy_cobblestone":23,"minecraft:dark_oak_leaves":41,"minecraft:deepslate_diamond_ore":4,"minecraft:oak_door":1,"minecraft:dark_oak_log":314,"minecraft:stone_button":1,"minecraft:crimson_roots":2,"minecraft:spruce_leaves":10,"minecraft:moss_block":6,"minecraft:hay_block":9,"minecraft:furnace":9,"minecraft:carrots":1,"minecraft:andesite":27,"minecraft:bell":1,"minecraft:potatoes":1,"minecraft:deepslate_iron_ore":18,"minecraft:cobblestone_slab":27,"minecraft:vine":44,"minecraft:bamboo_sapling":1,"minecraft:bamboo":118,"minecraft:stone":669,"minecraft:smithing_table":7,"minecraft:oak_slab":4,"minecraft:flowering_azalea":1,"minecraft:glass_pane":3,"minecraft:stripped_dark_oak_log":2,"minecraft:basalt":6,"minecraft:dandelion":13,"minecraft:oak_fence":8,"minecraft:crafting_table":11,"minecraft:cornflower":1,"minecraft:lectern":262,"minecraft:copper_ore":1,"minecraft:tall_grass":23,"minecraft:deepslate_gold_ore":30,"minecraft:diorite":2,"minecraft:big_dripleaf":3,"minecraft:cactus":2,"minecraft:birch_leaves":10,"minecraft:yellow_bed":11,"minecraft:red_wall_banner":2,"minecraft:coal_ore":80,"minecraft:cocoa":2,"minecraft:gravel":632,"minecraft:gold_ore":27,"minecraft:fern":7},"minecraft:picked_up":{"minecraft:iron_chestplate":2,"minecraft:chainmail_boots":36,"minecraft:smithing_table":8,"minecraft:oak_stairs":51,"minecraft:enchanted_book":1,"minecraft:brewing_stand":1,"minecraft:music_disc_cat":1,"minecraft:string":15,"minecraft:soul_soil":2,"minecraft:raw_copper":3,"minecraft:beetroot":1,"minecraft:cobbled_deepslate":595,"minecraft:diamond_leggings":1,"minecraft:red_sand":1,"minecraft:gold_nugget":6,"minecraft:smooth_stone":1,"minecraft:cobblestone_slab":147,"minecraft:azalea":2,"minecraft:iron_pickaxe":2,"minecraft:melon_slice":141,"minecraft:furnace":9,"minecraft:iron_boots":36,"minecraft:stick":90,"minecraft:composter":2,"minecraft:big_dripleaf":6,"minecraft:oak_fence":8,"minecraft:torch":86,"minecraft:porkchop":3,"minecraft:pointed_dripstone":8,"minecraft:diorite":2,"minecraft:cauldron":13,"minecraft:cactus":7,"minecraft:rotten_flesh":8,"minecraft:white_terracotta":1,"minecraft:obsidian":14,"minecraft:cobblestone":1006,"minecraft:birch_log":14,"minecraft:feather":3,"minecraft:andesite":27,"minecraft:jungle_log":991,"minecraft:potato":4,"minecraft:flint":59,"minecraft:tuff":6,"minecraft:lapis_lazuli":8,"minecraft:dirt":2664,"minecraft:name_tag":2,"minecraft:bone":3,"minecraft:stonecutter":1,"minecraft:wheat_seeds":102,"minecraft:raw_gold":56,"minecraft:bell":2,"minecraft:grindstone":7,"minecraft:fletching_table":20,"minecraft:bamboo":1058,"minecraft:moss_block":12,"minecraft:oak_planks":53,"minecraft:axolotl_bucket":1,"minecraft:sand":2,"minecraft:dark_oak_log":314,"minecraft:barrel":8,"minecraft:mossy_cobblestone":37,"minecraft:clay":1,"minecraft:diamond":13,"minecraft:cracked_polished_blackstone_bricks":6,"minecraft:crossbow":3,"minecraft:granite":5,"minecraft:golden_apple":1,"minecraft:emerald":1,"minecraft:bread":9,"minecraft:oak_sapling":9,"minecraft:netherrack":284,"minecraft:crimson_roots":2,"minecraft:cocoa_beans":12,"minecraft:crafting_table":11,"minecraft:azure_bluet":2,"minecraft:chicken":3,"minecraft:clay_ball":4,"minecraft:brown_mushroom":1,"minecraft:chain":6,"minecraft:cornflower":1,"minecraft:moss_carpet":4,"minecraft:iron_axe":23,"minecraft:blackstone":29,"minecraft:beef":43,"minecraft:oak_boat":2,"minecraft:jungle_sapling":26,"minecraft:poppy":2,"minecraft:lectern":262,"minecraft:sugar_cane":15,"minecraft:chest":8,"minecraft:birch_sapling":2,"minecraft:diamond_hoe":6,"minecraft:egg":3,"minecraft:dark_oak_sapling":13,"minecraft:raw_iron":139,"minecraft:oak_door":1,"minecraft:polished_blackstone_bricks":3,"minecraft:stone_button":1,"minecraft:carrot":6,"minecraft:redstone":123,"minecraft:arrow":7,"minecraft:beetroot_seeds":5,"minecraft:shears":1,"minecraft:diamond_boots":1,"minecraft:hay_block":9,"minecraft:saddle":2,"minecraft:gold_ingot":34,"minecraft:glow_berries":4,"minecraft:mutton":10,"minecraft:skeleton_skull":2,"minecraft:white_wool":25,"minecraft:oxeye_daisy":1,"minecraft:basalt":6,"minecraft:golden_carrot":5,"minecraft:leather":19,"minecraft:crimson_fungus":1,"minecraft:oak_log":160,"minecraft:chainmail_chestplate":23,"minecraft:yellow_bed":10,"minecraft:cobblestone_stairs":3,"minecraft:orange_terracotta":8,"minecraft:apple":4,"minecraft:iron_ingot":51,"minecraft:stone_pickaxe":1,"minecraft:cobweb":29,"minecraft:iron_sword":3,"minecraft:flowering_azalea":2,"minecraft:book":2,"minecraft:oak_slab":5,"minecraft:birch_boat":4,"minecraft:pumpkin":4,"minecraft:quartz":26,"minecraft:dandelion":14,"minecraft:gravel":645,"minecraft:spruce_sapling":2,"minecraft:red_banner":6,"minecraft:blast_furnace":9,"minecraft:white_bed":21,"minecraft:spider_eye":1,"minecraft:diamond_shovel":1,"minecraft:stone_axe":7,"minecraft:iron_helmet":1,"minecraft:diamond_axe":2,"minecraft:damaged_anvil":2,"minecraft:stripped_dark_oak_log":2,"minecraft:coal":129},"minecraft:dropped":{"minecraft:iron_sword":3,"minecraft:diamond_axe":1,"minecraft:oak_log":2,"minecraft:dark_oak_sapling":6,"minecraft:crossbow":2,"minecraft:saddle":1,"minecraft:flint":1,"minecraft:emerald":6,"minecraft:dirt":901,"minecraft:jungle_sapling":1,"minecraft:iron_pickaxe":3,"minecraft:oak_door":1,"minecraft:gravel":6,"minecraft:stone_axe":16,"minecraft:sugar_cane":2,"minecraft:cobbled_deepslate":128,"minecraft:wheat":1,"minecraft:birch_sapling":1,"minecraft:rotten_flesh":4,"minecraft:oak_planks":3,"minecraft:diamond_shovel":2,"minecraft:chainmail_chestplate":13,"minecraft:beetroot_seeds":1,"minecraft:azalea":2,"minecraft:chainmail_boots":24,"minecraft:arrow":2,"minecraft:stone_hoe":1,"minecraft:oak_slab":1,"minecraft:wheat_seeds":18,"minecraft:mossy_cobblestone":4,"minecraft:diamond_leggings":2,"minecraft:iron_helmet":1,"minecraft:feather":1,"minecraft:cobblestone":192,"minecraft:granite":1,"minecraft:stick":777,"minecraft:cobweb":13,"minecraft:oxeye_daisy":1,"minecraft:diorite":2,"minecraft:golden_carrot":1,"minecraft:iron_leggings":1,"minecraft:oak_stairs":2,"minecraft:iron_axe":18,"minecraft:paper":1,"minecraft:string":1,"minecraft:music_disc_cat":1,"minecraft:spruce_sapling":2,"minecraft:moss_carpet":3,"minecraft:tuff":6,"minecraft:diamond_hoe":4,"minecraft:stone_shovel":5,"minecraft:red_banner":2,"minecraft:clay_ball":4,"minecraft:iron_boots":24,"minecraft:shears":1,"minecraft:cobblestone_slab":129,"minecraft:iron_chestplate":2,"minecraft:andesite":25,"minecraft:oak_sapling":8,"minecraft:spider_eye":1,"minecraft:diamond_boots":2,"minecraft:stone_pickaxe":1},"minecraft:crafted":{"minecraft:grindstone":1,"minecraft:oak_planks":628,"minecraft:cobblestone_slab":138,"minecraft:cooked_chicken":2,"minecraft:birch_boat":1,"usefulbackpacks:backpack_small":1,"minecraft:stone":19,"minecraft:diamond_shovel":3,"minecraft:bookshelf":1,"minecraft:cooked_mutton":9,"minecraft:diamond_helmet":1,"minecraft:bow":1,"minecraft:diamond_leggings":2,"minecraft:iron_boots":14,"minecraft:chest":8,"minecraft:iron_door":3,"minecraft:chiseled_stone_bricks":3,"minecraft:stone_hoe":1,"minecraft:smoker":1,"minecraft:oak_slab":6,"minecraft:emerald":374,"minecraft:arrow":16,"minecraft:cooked_porkchop":3,"minecraft:diamond_axe":4,"minecraft:crafting_table":4,"minecraft:iron_helmet":1,"minecraft:chainmail_chestplate":12,"minecraft:copper_ingot":3,"minecraft:fletching_table":2,"minecraft:birch_planks":28,"minecraft:lectern":1,"minecraft:iron_chestplate":1,"minecraft:book":4,"minecraft:paper":12,"minecraft:diamond_pickaxe":1,"minecraft:shield":1,"minecraft:stick":11683,"minecraft:stone_slab":2,"usefulbackpacks:backpack_large":1,"minecraft:iron_ingot":124,"minecraft:iron_pickaxe":6,"minecraft:gold_ingot":56,"minecraft:shears":1,"minecraft:stone_shovel":17,"minecraft:diamond_hoe":3,"minecraft:furnace":4,"minecraft:stone_button":2,"minecraft:iron_axe":19,"minecraft:stone_pickaxe":2,"minecraft:diamond_boots":2,"usefulbackpacks:backpack_medium":1,"minecraft:dark_oak_planks":1256,"minecraft:wheat":81,"minecraft:cooked_beef":31,"minecraft:crossbow":1,"minecraft:diamond_sword":1,"minecraft:enchanting_table":1,"minecraft:iron_sword":2,"minecraft:bucket":1,"minecraft:stone_axe":9,"minecraft:enchanted_book":1,"minecraft:jungle_planks":3828,"minecraft:bread":27,"minecraft:air":0,"minecraft:oak_boat":1,"minecraft:flint":10,"minecraft:chainmail_boots":12,"minecraft:iron_leggings":1,"minecraft:stonecutter":1,"minecraft:white_bed":1,"minecraft:torch":108,"minecraft:diamond_chestplate":1},"minecraft:killed_by":{"minecraft:zombified_piglin":1,"minecraft:piglin_brute":1,"minecraft:piglin":1,"minecraft:enderman":1},"minecraft:used":{"minecraft:moss_block":6,"minecraft:moss_carpet":1,"minecraft:red_sand":1,"minecraft:poppy":2,"minecraft:chest":16,"minecraft:white_terracotta":1,"minecraft:shield":23,"minecraft:iron_sword":147,"minecraft:bell":2,"minecraft:iron_chestplate":1,"minecraft:carrot":2,"minecraft:axolotl_bucket":4,"minecraft:azure_bluet":2,"minecraft:obsidian":10,"minecraft:big_dripleaf":3,"minecraft:lava_bucket":58,"minecraft:bow":5,"minecraft:oak_sapling":1,"minecraft:furnace":12,"minecraft:beetroot_seeds":4,"minecraft:egg":3,"minecraft:potato":1,"minecraft:diamond_boots":1,"minecraft:stone_pickaxe":12,"minecraft:diamond_axe":619,"minecraft:glow_berries":7,"minecraft:sand":2,"minecraft:blast_furnace":9,"minecraft:dark_oak_log":2,"minecraft:melon_slice":49,"minecraft:bread":36,"minecraft:stone_button":3,"minecraft:lectern":263,"minecraft:gravel":564,"minecraft:iron_door":2,"minecraft:diamond_sword":19,"minecraft:grindstone":8,"minecraft:smithing_table":7,"minecraft:andesite":1,"minecraft:oak_boat":2,"minecraft:stone_shovel":1396,"minecraft:cooked_chicken":2,"minecraft:stone_hoe":1,"minecraft:netherrack":171,"minecraft:torch":154,"minecraft:dirt":1719,"minecraft:chainmail_chestplate":1,"minecraft:granite":4,"minecraft:flowering_azalea":1,"minecraft:iron_axe":1522,"minecraft:jungle_log":11,"minecraft:iron_boots":1,"minecraft:bamboo":411,"minecraft:golden_carrot":3,"minecraft:beef":5,"minecraft:cooked_beef":31,"minecraft:cobbled_deepslate":7,"minecraft:orange_terracotta":8,"minecraft:pointed_dripstone":8,"minecraft:cooked_mutton":9,"minecraft:water_bucket":138,"minecraft:birch_boat":3,"minecraft:cauldron":13,"minecraft:fletching_table":22,"minecraft:stonecutter":2,"minecraft:cobblestone_slab":99,"minecraft:mossy_cobblestone":1,"minecraft:oak_slab":4,"minecraft:crafting_table":14,"minecraft:white_bed":18,"minecraft:smoker":1,"minecraft:oak_log":1,"minecraft:cornflower":1,"minecraft:diamond_pickaxe":458,"minecraft:diamond_shovel":822,"minecraft:iron_pickaxe":1420,"minecraft:stone_axe":102,"minecraft:chiseled_stone_bricks":8,"minecraft:cobblestone":384,"minecraft:cooked_porkchop":3,"minecraft:bucket":201,"minecraft:yellow_bed":8,"minecraft:dandelion":14}},"DataVersion":3463}