{"stats":{"minecraft:mined":{"minecraft:dark_oak_planks":2,"minecraft:white_bed":15,"minecraft:jungle_leaves":1,"minecraft:obsidian":27,"minecraft:granite":74,"minecraft:red_sand":1,"minecraft:chiseled_polished_blackstone":2,"minecraft:deepslate_tile_wall":15,"minecraft:jungle_log":1,"minecraft:light_gray_bed":4,"minecraft:oak_pressure_plate":6,"minecraft:deepslate_bricks":5,"minecraft:crimson_fungus":2,"minecraft:oxeye_daisy":12,"minecraft:polished_blackstone_bricks":53,"minecraft:tall_seagrass":1,"minecraft:magma_block":11,"minecraft:fire":48,"minecraft:barrel":9,"minecraft:cobbled_deepslate":3,"minecraft:pumpkin":24,"minecraft:moss_carpet":2,"minecraft:fletching_table":3,"minecraft:deepslate_lapis_ore":10,"minecraft:cave_vines":2,"minecraft:dirt_path":41,"minecraft:spruce_pressure_plate":2,"minecraft:white_banner":1,"minecraft:tripwire":2,"minecraft:brown_mushroom":6,"minecraft:blue_concrete_powder":8,"minecraft:kelp_plant":79,"minecraft:deepslate_brick_wall":27,"minecraft:smoker":2,"minecraft:crimson_nylium":4,"minecraft:soul_fire":14,"minecraft:amethyst_cluster":4,"minecraft:deepslate_tile_slab":2,"minecraft:powder_snow":1,"minecraft:torch":59,"minecraft:melon":3,"minecraft:dead_bush":2,"minecraft:smooth_quartz_slab":3,"minecraft:glass":1,"minecraft:sugar_cane":489,"minecraft:bricks":235,"minecraft:amethyst_block":71,"minecraft:skeleton_skull":4,"minecraft:white_terracotta":6,"minecraft:chain":34,"minecraft:tinted_glass":13,"minecraft:wheat":113,"minecraft:jukebox":6,"minecraft:pumpkin_stem":4,"minecraft:warped_fungus":1,"minecraft:yellow_glazed_terracotta":1,"minecraft:stone_brick_stairs":3,"minecraft:grass":576,"minecraft:loom":1,"minecraft:smooth_quartz":2,"minecraft:smooth_basalt":74,"minecraft:stonecutter":13,"minecraft:deepslate":591,"minecraft:yellow_terracotta":29,"minecraft:deepslate_tiles":1,"minecraft:mossy_cobblestone":2,"minecraft:dark_oak_log":10,"minecraft:nether_bricks":53,"minecraft:dark_oak_fence":5,"minecraft:spruce_fence":49,"minecraft:crimson_roots":4,"minecraft:cartography_table":1,"minecraft:moss_block":2,"minecraft:kelp":38,"minecraft:redstone_ore":9,"minecraft:andesite":37,"minecraft:white_glazed_terracotta":1,"minecraft:potatoes":168,"minecraft:vine":3,"minecraft:rail":2,"minecraft:warped_stem":16,"minecraft:bamboo_sapling":3,"minecraft:bamboo":14,"minecraft:bone_block":20,"minecraft:cake":2,"minecraft:glass_pane":12,"minecraft:stone_brick_slab":3,"minecraft:dandelion":66,"minecraft:cornflower":7,"minecraft:emerald_ore":1,"minecraft:tall_grass":47,"minecraft:copper_ore":19,"minecraft:deepslate_gold_ore":73,"minecraft:diorite":11,"minecraft:big_dripleaf":2,"minecraft:warped_wart_block":4,"minecraft:cobblestone_wall":42,"minecraft:spruce_log":186,"minecraft:birch_leaves":1,"minecraft:gravel":204,"minecraft:cobweb":122,"minecraft:brown_terracotta":24,"minecraft:polished_blackstone":1,"minecraft:stone_bricks":2,"minecraft:gold_ore":41,"minecraft:iron_trapdoor":12,"minecraft:fern":2,"minecraft:large_amethyst_bud":3,"minecraft:spruce_planks":398,"minecraft:farmland":19,"minecraft:cobblestone_stairs":13,"minecraft:brewing_stand":1,"minecraft:spruce_trapdoor":3,"minecraft:budding_amethyst":8,"minecraft:grass_block":1715,"minecraft:blue_concrete":54,"minecraft:cracked_polished_blackstone_bricks":15,"minecraft:soul_soil":10,"minecraft:composter":10,"minecraft:gilded_blackstone":3,"minecraft:smooth_stone":67,"minecraft:glowstone":59,"minecraft:iron_ore":381,"minecraft:anvil":10,"minecraft:azure_bluet":10,"minecraft:dark_oak_stairs":1,"minecraft:skeleton_wall_skull":1,"minecraft:brown_glazed_terracotta":19,"minecraft:iron_bars":11,"minecraft:azalea":1,"minecraft:spruce_slab":9,"minecraft:deepslate_redstone_ore":45,"minecraft:quartz_block":7,"minecraft:blackstone":16,"minecraft:twisting_vines_plant":1,"minecraft:melon_stem":3,"minecraft:orange_terracotta":26,"minecraft:clay":172,"minecraft:light_gray_terracotta":1,"minecraft:calcite":922,"minecraft:poppy":14,"minecraft:chest":21,"minecraft:nether_quartz_ore":541,"minecraft:cobblestone":103,"minecraft:grindstone":2,"minecraft:oak_planks":223,"minecraft:wall_torch":47,"minecraft:deepslate_copper_ore":3,"minecraft:light_gray_glazed_terracotta":1,"minecraft:dark_oak_door":1,"minecraft:warped_planks":15,"minecraft:birch_log":13,"minecraft:smooth_stone_slab":10,"minecraft:yellow_stained_glass_pane":1,"minecraft:oak_log":385,"minecraft:beetroots":1,"minecraft:sand":256,"minecraft:dirt":692,"minecraft:ancient_debris":2,"minecraft:netherrack":287,"minecraft:oak_leaves":65,"minecraft:nether_gold_ore":8,"minecraft:crying_obsidian":3,"minecraft:tuff":27,"minecraft:deepslate_diamond_ore":12,"minecraft:glow_lichen":1,"minecraft:spruce_leaves":43,"minecraft:crimson_stem":111,"minecraft:hay_block":3,"minecraft:spore_blossom":1,"minecraft:furnace":8,"minecraft:polished_basalt":1,"minecraft:stripped_spruce_log":23,"minecraft:peony":16,"minecraft:gold_block":65,"minecraft:bell":1,"minecraft:deepslate_iron_ore":143,"minecraft:shroomlight":2,"minecraft:lantern":7,"minecraft:stripped_oak_log":11,"minecraft:stone":885,"minecraft:orange_glazed_terracotta":1,"minecraft:podzol":2,"minecraft:scaffolding":2,"minecraft:basalt":5,"minecraft:oak_fence":14,"minecraft:crafting_table":17,"minecraft:rose_bush":1,"minecraft:stone_slab":2,"minecraft:quartz_bricks":2,"minecraft:lapis_ore":19,"minecraft:spruce_stairs":81,"minecraft:cactus":14,"minecraft:gray_bed":1,"minecraft:yellow_bed":5,"minecraft:coal_ore":538,"minecraft:cocoa":5,"minecraft:flower_pot":14,"minecraft:cracked_stone_bricks":3,"minecraft:terracotta":4,"minecraft:mossy_stone_bricks":2},"minecraft:killed":{"minecraft:cave_spider":3,"minecraft:skeleton":44,"minecraft:chicken":120,"minecraft:magma_cube":42,"minecraft:pillager":26,"minecraft:zombie":60,"minecraft:cow":7,"minecraft:vindicator":8,"minecraft:ravager":2,"minecraft:enderman":4,"minecraft:zombified_piglin":2,"minecraft:witch":3,"minecraft:spider":12,"minecraft:axolotl":3,"minecraft:piglin_brute":2,"minecraft:piglin":5,"minecraft:pig":12,"minecraft:creeper":7,"minecraft:sheep":26,"minecraft:trader_llama":4,"minecraft:ghast":2,"minecraft:blaze":5,"minecraft:vex":2,"minecraft:phantom":6,"minecraft:drowned":3,"minecraft:hoglin":1,"minecraft:wither_skeleton":3},"minecraft:killed_by":{"minecraft:piglin_brute":11,"minecraft:pillager":1,"minecraft:ravager":2,"minecraft:magma_cube":2,"minecraft:vindicator":6,"minecraft:vex":3,"minecraft:ghast":2,"minecraft:wither_skeleton":1,"minecraft:creeper":3,"minecraft:drowned":1,"minecraft:piglin":2,"minecraft:cave_spider":4,"minecraft:blaze":2,"minecraft:enderman":3,"minecraft:skeleton":1},"minecraft:picked_up":{"minecraft:flower_pot":14,"minecraft:anvil":10,"minecraft:lead":12,"minecraft:stone_slab":2,"minecraft:diamond_sword":1,"minecraft:enchanted_book":1,"minecraft:brewing_stand":1,"minecraft:blue_concrete":54,"minecraft:amethyst_block":88,"minecraft:string":164,"minecraft:soul_soil":15,"minecraft:orange_glazed_terracotta":1,"minecraft:pufferfish":4,"minecraft:shroomlight":1,"minecraft:beetroot":1,"minecraft:gold_nugget":37,"minecraft:cobbled_deepslate":596,"minecraft:spruce_planks":508,"minecraft:melon_slice":13,"minecraft:dark_oak_door":1,"minecraft:spruce_pressure_plate":5,"minecraft:white_glazed_terracotta":1,"minecraft:jukebox":6,"minecraft:composter":11,"minecraft:big_dripleaf":6,"minecraft:warped_planks":15,"minecraft:golden_chestplate":1,"minecraft:light_gray_bed":4,"minecraft:tropical_fish":10,"minecraft:polished_basalt":1,"minecraft:white_terracotta":6,"minecraft:blaze_rod":2,"minecraft:iron_bars":11,"minecraft:birch_log":13,"minecraft:magma_block":11,"minecraft:feather":107,"minecraft:jungle_log":1,"minecraft:smoker":2,"minecraft:flint":20,"minecraft:lantern":12,"minecraft:twisting_vines":1,"minecraft:stonecutter":13,"minecraft:glowstone_dust":167,"minecraft:moss_block":2,"minecraft:chiseled_polished_blackstone":2,"minecraft:warped_wart_block":4,"minecraft:stripped_spruce_log":23,"minecraft:loom":1,"minecraft:dark_oak_log":10,"minecraft:barrel":9,"minecraft:quartz_bricks":2,"minecraft:granite":39,"minecraft:golden_horse_armor":1,"minecraft:bread":25,"minecraft:dark_oak_fence":5,"minecraft:bricks":234,"minecraft:crimson_roots":2,"minecraft:crafting_table":18,"minecraft:clay_ball":664,"minecraft:cornflower":7,"minecraft:glass_pane":96,"minecraft:cracked_stone_bricks":3,"minecraft:cartography_table":1,"minecraft:beef":10,"minecraft:iron_nugget":70,"minecraft:poppy":24,"minecraft:spruce_slab":18,"minecraft:chest":21,"minecraft:egg":1196,"minecraft:spruce_fence":47,"minecraft:carrot":1,"minecraft:redstone":240,"minecraft:beetroot_seeds":3,"minecraft:peony":16,"minecraft:deepslate_bricks":8,"minecraft:hay_block":3,"minecraft:yellow_terracotta":28,"minecraft:polished_blackstone":1,"minecraft:glow_berries":12,"minecraft:mutton":39,"minecraft:white_wool":27,"minecraft:bone_block":20,"minecraft:rail":8,"minecraft:oxeye_daisy":12,"minecraft:stripped_oak_log":11,"minecraft:oak_log":386,"minecraft:ancient_debris":2,"minecraft:white_banner":9,"minecraft:apple":3,"minecraft:stone_bricks":1,"minecraft:kelp":377,"minecraft:light_gray_glazed_terracotta":1,"minecraft:warped_stem":15,"minecraft:spore_blossom":1,"minecraft:stone_pickaxe":1,"minecraft:glass_bottle":3,"minecraft:gray_bed":1,"minecraft:iron_sword":6,"minecraft:dark_oak_stairs":1,"minecraft:smooth_basalt":71,"minecraft:milk_bucket":1,"minecraft:gravel":179,"minecraft:spruce_sapling":10,"minecraft:spruce_log":250,"minecraft:crying_obsidian":3,"minecraft:painting":16,"minecraft:gray_wool":3,"minecraft:warped_roots":1,"minecraft:melon_seeds":3,"minecraft:smooth_quartz_slab":3,"minecraft:ender_pearl":1,"minecraft:wheat":97,"minecraft:iron_trapdoor":11,"minecraft:potion":1,"minecraft:gilded_blackstone":3,"minecraft:stone_brick_stairs":2,"minecraft:raw_copper":75,"minecraft:smooth_stone_slab":11,"minecraft:armor_stand":2,"minecraft:deepslate_tiles":1,"minecraft:red_sand":1,"minecraft:smooth_stone":67,"minecraft:calcite":901,"minecraft:smooth_quartz":2,"minecraft:iron_pickaxe":3,"minecraft:deepslate_tile_wall":15,"minecraft:furnace":8,"minecraft:stick":22,"minecraft:deepslate_brick_wall":26,"minecraft:brown_terracotta":24,"minecraft:oak_fence":15,"minecraft:torch":172,"minecraft:spruce_stairs":83,"minecraft:porkchop":31,"minecraft:diorite":12,"minecraft:quartz_block":7,"minecraft:cactus":23,"minecraft:rotten_flesh":85,"minecraft:obsidian":27,"minecraft:cod":24,"minecraft:cobblestone":1492,"minecraft:magma_cream":1,"minecraft:andesite":38,"minecraft:potato":461,"minecraft:tuff":28,"minecraft:lapis_lazuli":189,"minecraft:dirt":2644,"minecraft:leather_boots":2,"minecraft:glass":13,"minecraft:bone":63,"minecraft:bow":3,"minecraft:wheat_seeds":463,"minecraft:raw_gold":114,"minecraft:bell":1,"minecraft:grindstone":2,"minecraft:mossy_stone_bricks":2,"minecraft:fletching_table":3,"minecraft:bamboo":115,"minecraft:powered_rail":2,"minecraft:oak_planks":223,"minecraft:stone_hoe":1,"minecraft:music_disc_13":3,"minecraft:oak_pressure_plate":8,"minecraft:poisonous_potato":5,"minecraft:sand":251,"minecraft:mossy_cobblestone":1,"minecraft:light_gray_terracotta":1,"minecraft:diamond":12,"minecraft:spruce_boat":5,"minecraft:cracked_polished_blackstone_bricks":15,"minecraft:crossbow":3,"minecraft:bone_meal":1,"minecraft:golden_apple":1,"minecraft:emerald":28,"minecraft:oak_sapling":7,"minecraft:netherrack":313,"minecraft:fishing_rod":1,"minecraft:cocoa_beans":11,"minecraft:azure_bluet":12,"minecraft:chicken":116,"minecraft:chest_minecart":4,"minecraft:brown_mushroom":10,"minecraft:wooden_pickaxe":1,"minecraft:gold_block":63,"minecraft:chain":33,"minecraft:shield":1,"minecraft:moss_carpet":4,"minecraft:iron_axe":3,"minecraft:blackstone":22,"minecraft:oak_boat":3,"minecraft:tinted_glass":13,"minecraft:sugar_cane":992,"minecraft:spruce_trapdoor":5,"minecraft:phantom_membrane":6,"minecraft:raw_iron":519,"minecraft:brown_glazed_terracotta":19,"minecraft:bowl":4,"minecraft:polished_blackstone_bricks":51,"minecraft:dark_oak_planks":2,"minecraft:blue_concrete_powder":8,"minecraft:arrow":49,"minecraft:pumpkin_pie":1,"minecraft:nether_bricks":52,"minecraft:saddle":3,"minecraft:skeleton_skull":5,"minecraft:basalt":3,"minecraft:crimson_stem":110,"minecraft:salmon":13,"minecraft:leather":43,"minecraft:crimson_fungus":2,"minecraft:yellow_glazed_terracotta":1,"minecraft:gunpowder":4,"minecraft:yellow_bed":5,"minecraft:cobblestone_wall":40,"minecraft:cobblestone_stairs":13,"minecraft:deepslate_tile_slab":2,"minecraft:orange_terracotta":27,"minecraft:iron_ingot":39,"minecraft:soul_sand":4,"minecraft:scaffolding":2,"minecraft:warped_fungus":1,"minecraft:pumpkin":40,"minecraft:stone_brick_slab":3,"minecraft:quartz":542,"minecraft:dandelion":69,"minecraft:amethyst_shard":16,"minecraft:white_bed":16,"minecraft:spider_eye":3,"minecraft:pumpkin_seeds":6,"minecraft:terracotta":4,"minecraft:coal":645},"minecraft:custom":{"minecraft:interact_with_crafting_table":381,"minecraft:open_barrel":638,"minecraft:bell_ring":3,"minecraft:eat_cake_slice":2,"minecraft:leave_game":38,"minecraft:time_since_death":5575,"minecraft:damage_blocked_by_shield":11640,"minecraft:play_time":1961060,"minecraft:deaths":88,"minecraft:jump":21388,"minecraft:interact_with_furnace":577,"minecraft:play_record":3,"minecraft:traded_with_villager":131,"minecraft:interact_with_cartography_table":1,"minecraft:sleep_in_bed":47,"minecraft:damage_dealt":45229,"minecraft:interact_with_smoker":80,"minecraft:horse_one_cm":371889,"minecraft:interact_with_smithing_table":20,"minecraft:interact_with_anvil":18,"minecraft:sneak_time":16726,"minecraft:interact_with_blast_furnace":93,"minecraft:total_world_time":1961060,"minecraft:interact_with_stonecutter":55,"minecraft:time_since_rest":3967,"minecraft:swim_one_cm":299775,"minecraft:fly_one_cm":4343457,"minecraft:open_chest":1267,"minecraft:fish_caught":43,"minecraft:fall_one_cm":539971,"minecraft:animals_bred":62,"minecraft:sprint_one_cm":4604148,"minecraft:drop":263,"minecraft:talked_to_villager":143,"minecraft:interact_with_brewingstand":49,"minecraft:walk_on_water_one_cm":276091,"minecraft:interact_with_loom":12,"minecraft:crouch_one_cm":40826,"minecraft:mob_kills":424,"minecraft:climb_one_cm":10355,"minecraft:walk_one_cm":4607939,"minecraft:raid_win":1,"minecraft:walk_under_water_one_cm":243009,"minecraft:boat_one_cm":425804,"minecraft:raid_trigger":2,"minecraft:interact_with_grindstone":7,"minecraft:damage_taken":36406},"minecraft:dropped":{"minecraft:iron_sword":7,"minecraft:oak_pressure_plate":2,"minecraft:spore_blossom":1,"minecraft:crafting_table":2,"minecraft:crossbow":2,"minecraft:cracked_stone_bricks":3,"minecraft:saddle":1,"minecraft:dirt":20,"minecraft:dark_oak_fence":2,"minecraft:gold_nugget":10,"minecraft:iron_pickaxe":4,"minecraft:white_wool":2,"minecraft:bone":12,"minecraft:stone_axe":1,"minecraft:sugar_cane":18,"minecraft:iron_nugget":10,"minecraft:golden_chestplate":1,"minecraft:cobbled_deepslate":38,"minecraft:wheat":9,"minecraft:rotten_flesh":49,"minecraft:oak_planks":4,"minecraft:azure_bluet":10,"minecraft:white_bed":1,"minecraft:quartz_block":1,"minecraft:leather_boots":1,"minecraft:spruce_slab":6,"minecraft:glass":7,"minecraft:stone_brick_stairs":2,"minecraft:egg":292,"minecraft:crimson_planks":287,"minecraft:iron_ingot":4,"minecraft:wheat_seeds":44,"minecraft:polished_blackstone":1,"minecraft:iron_helmet":2,"minecraft:oak_fence":2,"minecraft:feather":3,"minecraft:cobblestone":45,"minecraft:granite":11,"minecraft:deepslate_tile_slab":2,"minecraft:golden_apple":1,"minecraft:oxeye_daisy":3,"minecraft:potion":1,"minecraft:pumpkin":16,"minecraft:string":35,"minecraft:spruce_sapling":1,"minecraft:stone_brick_slab":3,"minecraft:moss_carpet":4,"minecraft:cobblestone_wall":5,"minecraft:smooth_stone_slab":1,"minecraft:bowl":2,"minecraft:iron_boots":1,"minecraft:stone_slab":1,"minecraft:pumpkin_seeds":4,"minecraft:diamond_sword":1,"minecraft:big_dripleaf":6,"minecraft:spruce_trapdoor":5,"minecraft:spruce_planks":68,"minecraft:stone_bricks":1,"minecraft:bow":1,"minecraft:terracotta":4,"minecraft:brown_mushroom":6,"minecraft:oak_log":14,"minecraft:lantern":7,"minecraft:blue_concrete_powder":4,"minecraft:deepslate_tile_wall":13,"minecraft:jungle_planks":4,"minecraft:polished_blackstone_bricks":2,"minecraft:gravel":3,"minecraft:chiseled_polished_blackstone":1,"minecraft:blackstone":5,"minecraft:poppy":15,"minecraft:skeleton_skull":1,"minecraft:spruce_pressure_plate":3,"minecraft:basalt":1,"minecraft:arrow":2,"minecraft:splash_potion":1,"minecraft:netherrack":1,"minecraft:bread":1,"minecraft:poisonous_potato":3,"minecraft:lead":2,"minecraft:amethyst_block":5,"minecraft:spruce_stairs":2,"minecraft:stick":14,"minecraft:blue_dye":1,"minecraft:diorite":8,"minecraft:torch":4,"minecraft:iron_leggings":1,"minecraft:smooth_quartz_slab":1,"minecraft:iron_axe":2,"minecraft:bucket":1,"minecraft:dandelion":5,"minecraft:smooth_basalt":4,"minecraft:tuff":19,"minecraft:composter":2,"minecraft:glass_pane":249,"minecraft:deepslate_bricks":6,"minecraft:shield":2,"minecraft:orange_terracotta":2,"minecraft:iron_chestplate":3,"minecraft:andesite":19,"minecraft:mossy_stone_bricks":2,"minecraft:stone_pickaxe":1,"minecraft:wooden_pickaxe":1,"minecraft:calcite":120},"minecraft:crafted":{"minecraft:smooth_stone":248,"minecraft:oak_pressure_plate":3,"minecraft:blaze_powder":2,"minecraft:loom":2,"minecraft:bookshelf":4,"minecraft:cooked_mutton":38,"minecraft:iron_bars":48,"minecraft:quartz_block":141,"minecraft:glass":150,"minecraft:diamond_helmet":1,"minecraft:diamond_leggings":1,"minecraft:white_glazed_terracotta":1,"minecraft:polished_blackstone":1,"minecraft:dried_kelp_block":41,"minecraft:gray_bed":1,"minecraft:flower_pot":3,"minecraft:glass_bottle":6,"minecraft:deepslate":1,"minecraft:cooked_porkchop":31,"minecraft:emerald":114,"minecraft:smooth_quartz":24,"minecraft:smithing_table":1,"minecraft:copper_ingot":77,"minecraft:fletching_table":1,"minecraft:hay_block":3,"minecraft:painting":3,"minecraft:light_gray_bed":2,"minecraft:golden_leggings":1,"minecraft:stone_slab":2,"minecraft:iron_pickaxe":21,"minecraft:iron_block":3,"minecraft:gold_ingot":150,"minecraft:light_gray_dye":6,"minecraft:composter":3,"minecraft:spruce_fence_gate":3,"minecraft:polished_blackstone_bricks":1,"minecraft:golden_carrot":6,"minecraft:stone_shovel":1,"minecraft:smooth_stone_slab":14,"minecraft:jukebox":1,"minecraft:iron_nugget":252,"minecraft:spyglass":1,"minecraft:tinted_glass":4,"minecraft:bone_meal":243,"minecraft:spruce_fence":138,"minecraft:lantern":39,"minecraft:dark_oak_fence":3,"minecraft:spruce_stairs":72,"minecraft:deepslate_brick_wall":14,"minecraft:yellow_glazed_terracotta":1,"minecraft:spruce_slab":36,"minecraft:stone_pickaxe":1,"minecraft:diamond_boots":1,"minecraft:deepslate_tile_wall":13,"minecraft:spruce_boat":2,"minecraft:dark_oak_planks":44,"minecraft:golden_helmet":1,"minecraft:enchanting_table":1,"minecraft:dried_kelp":377,"minecraft:deepslate_tiles":12,"minecraft:flint":20,"minecraft:fermented_spider_eye":1,"minecraft:iron_shovel":13,"minecraft:iron_leggings":3,"minecraft:armor_stand":2,"minecraft:white_bed":3,"minecraft:light_gray_glazed_terracotta":1,"minecraft:brick":492,"minecraft:grindstone":1,"minecraft:oak_planks":1368,"minecraft:barrel":7,"minecraft:quartz_bricks":1,"minecraft:cooked_chicken":51,"usefulbackpacks:backpack_small":1,"minecraft:stone":329,"minecraft:cobblestone_stairs":16,"minecraft:spruce_pressure_plate":2,"minecraft:warped_planks":56,"minecraft:cake":2,"minecraft:dark_oak_door":6,"minecraft:bow":1,"minecraft:iron_boots":3,"minecraft:chest":11,"minecraft:blue_concrete_powder":32,"minecraft:bricks":95,"minecraft:oak_fence":3,"minecraft:golden_boots":1,"minecraft:smoker":1,"minecraft:oak_slab":36,"minecraft:arrow":208,"minecraft:crafting_table":7,"minecraft:spruce_planks":852,"minecraft:iron_helmet":3,"minecraft:wooden_pickaxe":1,"minecraft:baked_potato":203,"minecraft:chiseled_polished_blackstone":1,"minecraft:birch_planks":52,"minecraft:brewing_stand":1,"minecraft:brown_glazed_terracotta":8,"minecraft:spruce_trapdoor":8,"minecraft:book":13,"minecraft:iron_chestplate":3,"minecraft:paper":453,"minecraft:diamond_pickaxe":1,"minecraft:yellow_dye":25,"minecraft:shield":5,"minecraft:stick":2744,"minecraft:iron_ingot":519,"minecraft:dark_oak_fence_gate":1,"minecraft:deepslate_bricks":52,"minecraft:orange_glazed_terracotta":1,"minecraft:deepslate_tile_slab":2,"minecraft:stone_brick_wall":6,"minecraft:fishing_rod":1,"minecraft:golden_chestplate":1,"minecraft:furnace":8,"minecraft:blast_furnace":1,"minecraft:glass_pane":288,"minecraft:flint_and_steel":1,"minecraft:scaffolding":6,"minecraft:iron_axe":7,"minecraft:iron_hoe":1,"minecraft:cobblestone_wall":36,"usefulbackpacks:backpack_medium":1,"minecraft:cooked_beef":10,"minecraft:sugar":6,"minecraft:red_dye":7,"minecraft:cooked_cod":17,"minecraft:crimson_planks":440,"minecraft:diamond_sword":1,"minecraft:iron_trapdoor":26,"minecraft:iron_sword":2,"minecraft:cooked_salmon":10,"minecraft:bucket":2,"minecraft:stone_axe":1,"minecraft:air":0,"minecraft:bread":3,"minecraft:jungle_planks":4,"minecraft:blue_dye":5,"minecraft:oak_boat":1,"minecraft:gold_nugget":45,"minecraft:stonecutter":1,"minecraft:anvil":1,"minecraft:torch":272,"minecraft:diamond_chestplate":1},"minecraft:broken":{"minecraft:golden_boots":1,"minecraft:iron_boots":2,"minecraft:iron_leggings":2,"minecraft:iron_hoe":1,"minecraft:shield":3,"minecraft:iron_axe":7,"minecraft:iron_pickaxe":17,"minecraft:iron_helmet":1,"minecraft:golden_helmet":1,"minecraft:iron_shovel":10,"minecraft:golden_leggings":1,"minecraft:stone_shovel":1,"minecraft:golden_chestplate":1},"minecraft:used":{"minecraft:peony":16,"minecraft:spruce_slab":30,"minecraft:polished_blackstone":1,"minecraft:poppy":2,"minecraft:chest":32,"minecraft:rotten_flesh":25,"minecraft:azure_bluet":2,"minecraft:stripped_spruce_log":2,"minecraft:spruce_boat":7,"minecraft:lava_bucket":4,"minecraft:quartz_block":103,"minecraft:bow":201,"minecraft:oak_sapling":5,"minecraft:furnace":14,"minecraft:yellow_glazed_terracotta":1,"minecraft:egg":652,"minecraft:potato":206,"minecraft:deepslate_brick_wall":129,"minecraft:diorite":4,"minecraft:cactus":4,"minecraft:blackstone":1,"minecraft:wooden_pickaxe":9,"minecraft:composter":12,"minecraft:glow_berries":22,"minecraft:sand":75,"minecraft:blast_furnace":1,"minecraft:pumpkin_seeds":4,"minecraft:deepslate_tiles":1,"minecraft:white_glazed_terracotta":1,"minecraft:oak_pressure_plate":6,"minecraft:diamond_sword":1119,"minecraft:dark_oak_fence":3,"minecraft:smithing_table":1,"minecraft:oak_boat":3,"minecraft:iron_bars":52,"minecraft:enchanting_table":1,"minecraft:armor_stand":4,"minecraft:tinted_glass":13,"minecraft:cooked_salmon":5,"minecraft:netherrack":182,"minecraft:torch":410,"minecraft:brewing_stand":1,"minecraft:anvil":11,"minecraft:ancient_debris":1,"minecraft:light_gray_glazed_terracotta":1,"minecraft:blue_concrete":26,"minecraft:iron_axe":1785,"minecraft:smooth_quartz":26,"minecraft:barrel":16,"minecraft:melon_seeds":3,"minecraft:smooth_basalt":6,"minecraft:bamboo":54,"minecraft:diamond_chestplate":3,"minecraft:basalt":1,"minecraft:iron_trapdoor":37,"minecraft:orange_terracotta":1,"minecraft:cobbled_deepslate":188,"minecraft:calcite":706,"minecraft:wheat_seeds":262,"minecraft:water_bucket":83,"minecraft:warped_stem":1,"minecraft:blue_concrete_powder":36,"minecraft:fletching_table":3,"minecraft:spruce_fence_gate":3,"minecraft:deepslate_bricks":101,"minecraft:polished_blackstone_bricks":2,"minecraft:mossy_cobblestone":1,"minecraft:oak_slab":6,"minecraft:crafting_table":22,"minecraft:dark_oak_fence_gate":1,"minecraft:white_bed":16,"minecraft:cake":2,"minecraft:spruce_log":58,"minecraft:deepslate_tile_wall":15,"minecraft:oak_log":30,"minecraft:diamond_pickaxe":1320,"minecraft:cornflower":2,"minecraft:oxeye_daisy":3,"minecraft:iron_pickaxe":4749,"minecraft:spruce_pressure_plate":3,"minecraft:spruce_trapdoor":8,"minecraft:spruce_sapling":7,"minecraft:cobblestone":643,"minecraft:potion":1,"minecraft:cooked_porkchop":31,"minecraft:glass_pane":113,"minecraft:stripped_oak_log":11,"minecraft:dandelion":4,"minecraft:diamond_leggings":3,"minecraft:jukebox":7,"minecraft:iron_shovel":3051,"minecraft:polished_basalt":1,"minecraft:shield":225,"minecraft:white_terracotta":1,"minecraft:iron_sword":352,"minecraft:bell":1,"minecraft:iron_chestplate":3,"minecraft:mutton":1,"minecraft:orange_glazed_terracotta":1,"minecraft:nether_bricks":36,"minecraft:carrot":19,"minecraft:deepslate_tile_slab":2,"minecraft:tuff":9,"minecraft:music_disc_13":3,"minecraft:obsidian":19,"minecraft:milk_bucket":2,"minecraft:glass":17,"minecraft:bricks":327,"minecraft:lantern":44,"minecraft:iron_helmet":3,"minecraft:crimson_roots":2,"minecraft:magma_block":1,"minecraft:hay_block":6,"minecraft:scaffolding":2,"minecraft:gray_bed":1,"minecraft:skeleton_skull":3,"minecraft:chiseled_polished_blackstone":2,"minecraft:diamond_boots":3,"minecraft:stone_pickaxe":97,"minecraft:oak_planks":214,"minecraft:sugar_cane":116,"minecraft:yellow_terracotta":1,"minecraft:loom":2,"minecraft:stone_brick_wall":6,"minecraft:melon_slice":13,"minecraft:bread":30,"minecraft:string":2,"minecraft:deepslate":1,"minecraft:gravel":7,"minecraft:grindstone":3,"minecraft:andesite":18,"minecraft:chain":30,"minecraft:smooth_stone_slab":24,"minecraft:bone_meal":244,"minecraft:oak_fence":12,"minecraft:flint_and_steel":24,"minecraft:tropical_fish":7,"minecraft:stone_shovel":132,"minecraft:dried_kelp":1,"minecraft:spruce_planks":589,"minecraft:stone_hoe":51,"minecraft:cooked_chicken":17,"minecraft:dirt":2500,"minecraft:spyglass":37,"minecraft:spruce_stairs":143,"minecraft:cobblestone_wall":42,"minecraft:diamond_helmet":3,"minecraft:granite":15,"minecraft:spruce_fence":184,"minecraft:iron_hoe":250,"minecraft:brown_terracotta":5,"minecraft:bookshelf":4,"minecraft:iron_boots":3,"minecraft:crimson_planks":1,"minecraft:cooked_beef":9,"minecraft:light_gray_bed":6,"minecraft:iron_leggings":3,"minecraft:quartz_bricks":2,"minecraft:cooked_mutton":38,"minecraft:cobblestone_stairs":13,"minecraft:glass_bottle":11,"minecraft:baked_potato":170,"minecraft:stonecutter":14,"minecraft:painting":19,"minecraft:brown_glazed_terracotta":19,"minecraft:warped_planks":15,"minecraft:dark_oak_door":5,"minecraft:smoker":3,"minecraft:flower_pot":14,"minecraft:stone_slab":2,"minecraft:stone_axe":51,"minecraft:fishing_rod":72,"minecraft:white_banner":2,"minecraft:bucket":89,"minecraft:pumpkin_pie":1,"minecraft:smooth_stone":212}},"DataVersion":3463}