{"stats":{"minecraft:killed":{"minecraft:spider":2,"minecraft:skeleton":2,"minecraft:chicken":14,"minecraft:pillager":2,"minecraft:zombie":1,"minecraft:vindicator":1,"minecraft:enderman":1},"minecraft:crafted":{"minecraft:red_stained_glass_pane":32,"minecraft:oak_planks":592,"minecraft:cobblestone_slab":6,"minecraft:birch_slab":48,"minecraft:cobblestone_stairs":160,"minecraft:heavy_weighted_pressure_plate":2,"minecraft:deepslate_brick_stairs":204,"minecraft:glass":80,"minecraft:polished_blackstone":8,"minecraft:chest":8,"minecraft:birch_door":3,"minecraft:stone_hoe":6,"minecraft:oak_fence":69,"minecraft:gray_bed":1,"minecraft:oak_slab":304,"minecraft:wooden_shovel":3,"minecraft:crafting_table":6,"minecraft:spruce_planks":72,"minecraft:baked_potato":4,"minecraft:spruce_door":3,"minecraft:birch_planks":88,"minecraft:iron_chestplate":1,"minecraft:yellow_dye":24,"minecraft:stick":204,"minecraft:iron_ingot":6,"minecraft:iron_pickaxe":8,"minecraft:light_gray_dye":1,"minecraft:composter":12,"minecraft:deepslate_bricks":520,"minecraft:oak_door":3,"minecraft:stone_shovel":8,"minecraft:iron_nugget":64,"minecraft:polished_deepslate_stairs":40,"minecraft:furnace":5,"minecraft:spruce_fence":12,"minecraft:oak_trapdoor":12,"minecraft:glass_pane":64,"minecraft:deepslate_brick_wall":66,"minecraft:polished_deepslate":580,"minecraft:ladder":6,"minecraft:spruce_slab":30,"minecraft:stone_pickaxe":1,"minecraft:cobblestone_wall":180,"minecraft:red_dye":4,"minecraft:deepslate_brick_slab":190,"minecraft:yellow_stained_glass_pane":16,"minecraft:bucket":1,"minecraft:deepslate_tiles":8,"minecraft:stone_axe":5,"minecraft:bread":53,"minecraft:air":0,"minecraft:oak_fence_gate":3,"minecraft:oak_boat":1,"minecraft:oak_stairs":28,"minecraft:wooden_axe":2,"minecraft:iron_shovel":4,"minecraft:deepslate_tile_stairs":4,"minecraft:iron_leggings":1,"minecraft:white_bed":1,"minecraft:torch":224},"minecraft:killed_by":{"minecraft:vindicator":3,"minecraft:spider":1,"minecraft:skeleton":2},"minecraft:picked_up":{"minecraft:birch_door":5,"minecraft:iron_chestplate":2,"minecraft:wheat":1361,"minecraft:lead":2,"minecraft:crimson_planks":261,"minecraft:amethyst_block":256,"minecraft:string":6,"minecraft:raw_copper":7,"minecraft:iron_leggings":2,"minecraft:armor_stand":4,"minecraft:zombie_head":1,"minecraft:beetroot":7,"minecraft:cobbled_deepslate":509,"minecraft:smooth_stone":8,"minecraft:spruce_planks":1,"minecraft:rose_bush":70,"minecraft:wooden_shovel":1,"minecraft:iron_pickaxe":2,"minecraft:melon_slice":37,"minecraft:iron_boots":1,"minecraft:furnace":4,"minecraft:stick":13,"minecraft:deepslate_brick_wall":4,"minecraft:composter":9,"minecraft:polished_deepslate_stairs":35,"minecraft:oak_fence":19,"minecraft:torch":52,"minecraft:diorite":89,"minecraft:deepslate_tile_stairs":1,"minecraft:rotten_flesh":15,"minecraft:deepslate_brick_stairs":20,"minecraft:cobblestone":1011,"minecraft:birch_log":22,"minecraft:feather":28,"minecraft:birch_slab":4,"minecraft:andesite":15,"minecraft:smoker":4,"minecraft:potato":85,"minecraft:flint":3,"minecraft:tuff":14,"minecraft:dirt":2808,"minecraft:lantern":9,"minecraft:bone":3,"minecraft:glass":33,"minecraft:wheat_seeds":4143,"minecraft:deepslate_brick_slab":26,"minecraft:bamboo":8,"minecraft:stone_hoe":1,"minecraft:oak_planks":77,"minecraft:chiseled_polished_blackstone":1,"minecraft:poisonous_potato":1,"minecraft:sand":191,"minecraft:spruce_fence_gate":2,"minecraft:granite":97,"minecraft:bone_meal":7,"minecraft:white_concrete":3,"minecraft:oak_sapling":5,"minecraft:netherrack":9,"minecraft:crimson_roots":3,"minecraft:cocoa_beans":3,"minecraft:crafting_table":25,"minecraft:azure_bluet":1,"minecraft:chicken":26,"minecraft:ladder":7,"minecraft:brown_mushroom":4,"minecraft:heavy_weighted_pressure_plate":4,"minecraft:cornflower":2,"minecraft:oak_trapdoor":16,"minecraft:glass_pane":201,"minecraft:iron_nugget":8,"minecraft:poppy":5,"minecraft:spruce_slab":40,"minecraft:sugar_cane":243,"minecraft:chest":6,"minecraft:egg":1506,"minecraft:raw_iron":6,"minecraft:oak_door":6,"minecraft:bowl":2,"minecraft:spruce_fence":33,"minecraft:carrot":11,"minecraft:arrow":3,"minecraft:stone_shovel":2,"minecraft:beetroot_seeds":37,"minecraft:deepslate_bricks":2,"minecraft:skeleton_skull":1,"minecraft:oxeye_daisy":5,"minecraft:golden_carrot":14,"minecraft:yellow_dye":24,"minecraft:birch_planks":53,"minecraft:oak_log":185,"minecraft:cobblestone_wall":4,"minecraft:iron_ingot":46,"minecraft:gray_bed":5,"minecraft:oak_slab":129,"minecraft:pumpkin":4,"minecraft:quartz":14,"minecraft:dandelion":27,"minecraft:gravel":24,"minecraft:amethyst_shard":62,"minecraft:spruce_sapling":3,"minecraft:white_bed":2,"minecraft:spruce_log":42,"usefulbackpacks:backpack_large":1,"minecraft:spruce_door":8,"minecraft:iron_helmet":1,"minecraft:coal":6},"minecraft:used":{"minecraft:beetroot":1,"minecraft:iron_shovel":1004,"minecraft:spruce_slab":59,"minecraft:ladder":7,"minecraft:chest":14,"minecraft:iron_chestplate":2,"minecraft:deepslate_brick_slab":201,"minecraft:polished_deepslate_stairs":37,"minecraft:glass":88,"minecraft:lantern":9,"minecraft:iron_helmet":1,"minecraft:crimson_roots":1,"minecraft:red_stained_glass_pane":32,"minecraft:furnace":7,"minecraft:gray_bed":6,"minecraft:skeleton_skull":1,"minecraft:egg":1574,"minecraft:deepslate_brick_wall":54,"minecraft:diorite":12,"minecraft:spruce_door":10,"minecraft:stone_pickaxe":40,"minecraft:oak_planks":141,"minecraft:composter":19,"minecraft:sugar_cane":147,"minecraft:sand":1,"minecraft:deepslate_brick_stairs":217,"minecraft:zombie_head":1,"minecraft:melon_slice":28,"minecraft:birch_slab":4,"minecraft:heavy_weighted_pressure_plate":4,"minecraft:bread":26,"minecraft:gravel":1,"minecraft:andesite":3,"minecraft:white_concrete":3,"minecraft:oak_fence":78,"minecraft:oak_trapdoor":28,"minecraft:rose_bush":44,"minecraft:armor_stand":4,"minecraft:stone_shovel":1045,"minecraft:spruce_planks":22,"minecraft:wooden_shovel":99,"minecraft:stone_hoe":471,"minecraft:netherrack":1,"minecraft:oak_door":6,"minecraft:torch":229,"minecraft:dirt":2747,"minecraft:cobblestone_wall":138,"minecraft:spruce_fence":42,"minecraft:granite":75,"minecraft:oak_fence_gate":3,"minecraft:birch_door":7,"minecraft:wooden_axe":97,"minecraft:oak_stairs":21,"minecraft:iron_boots":1,"minecraft:crimson_planks":17,"minecraft:golden_carrot":14,"minecraft:deepslate_tile_stairs":1,"minecraft:cobbled_deepslate":5,"minecraft:iron_leggings":3,"minecraft:wheat_seeds":2599,"minecraft:water_bucket":11,"minecraft:amethyst_block":237,"minecraft:cobblestone_stairs":160,"minecraft:birch_planks":51,"minecraft:baked_potato":4,"minecraft:spruce_fence_gate":2,"minecraft:deepslate_bricks":36,"minecraft:oak_slab":296,"minecraft:crafting_table":29,"minecraft:yellow_stained_glass_pane":12,"minecraft:white_bed":3,"minecraft:smoker":4,"minecraft:oak_log":2,"minecraft:cornflower":1,"minecraft:oxeye_daisy":2,"minecraft:iron_pickaxe":2057,"minecraft:stone_axe":607,"minecraft:cobblestone":66,"minecraft:bucket":11,"minecraft:glass_pane":148,"minecraft:smooth_stone":9},"minecraft:broken":{"minecraft:iron_shovel":4,"minecraft:wooden_shovel":1,"minecraft:iron_boots":1,"minecraft:stone_axe":5,"minecraft:wooden_axe":1,"minecraft:stone_shovel":7,"minecraft:stone_hoe":3,"minecraft:iron_pickaxe":9,"minecraft:iron_helmet":1},"minecraft:mined":{"minecraft:spruce_planks":1,"minecraft:white_bed":2,"minecraft:jungle_leaves":1,"minecraft:granite":98,"minecraft:budding_amethyst":19,"minecraft:grass_block":1083,"minecraft:white_concrete":3,"minecraft:deepslate_bricks":1,"minecraft:deepslate_tile_stairs":1,"minecraft:composter":8,"minecraft:oxeye_daisy":2,"minecraft:red_stained_glass_pane":2,"minecraft:smooth_stone":9,"minecraft:iron_ore":6,"minecraft:cobbled_deepslate":5,"minecraft:pumpkin":4,"minecraft:azure_bluet":1,"minecraft:dirt_path":32,"minecraft:deepslate_brick_stairs":20,"minecraft:spruce_slab":33,"minecraft:polished_deepslate_stairs":37,"minecraft:deepslate_brick_wall":4,"minecraft:smoker":4,"minecraft:torch":8,"minecraft:poppy":4,"minecraft:melon":9,"minecraft:chest":6,"minecraft:glass":4,"minecraft:nether_quartz_ore":14,"minecraft:cobblestone":29,"minecraft:sugar_cane":154,"minecraft:oak_planks":75,"minecraft:wall_torch":32,"minecraft:amethyst_block":270,"minecraft:birch_log":22,"minecraft:wheat":1944,"minecraft:birch_door":5,"minecraft:yellow_stained_glass_pane":12,"minecraft:grass":373,"minecraft:oak_log":171,"minecraft:beetroots":22,"minecraft:sand":176,"minecraft:dirt":654,"minecraft:crimson_planks":18,"minecraft:netherrack":6,"minecraft:oak_leaves":86,"minecraft:deepslate":444,"minecraft:tuff":7,"minecraft:oak_door":6,"minecraft:ladder":7,"minecraft:spruce_fence":30,"minecraft:crimson_roots":2,"minecraft:birch_slab":4,"minecraft:spruce_leaves":30,"minecraft:deepslate_brick_slab":25,"minecraft:oak_trapdoor":16,"minecraft:furnace":3,"minecraft:carrots":3,"minecraft:andesite":15,"minecraft:potatoes":1,"minecraft:lantern":2,"minecraft:bamboo":1,"minecraft:stone":945,"minecraft:oak_slab":131,"minecraft:glass_pane":6,"minecraft:spruce_door":8,"minecraft:dandelion":14,"minecraft:oak_fence":19,"minecraft:crafting_table":26,"minecraft:cornflower":1,"minecraft:rose_bush":44,"minecraft:tall_grass":4,"minecraft:copper_ore":2,"minecraft:diorite":94,"minecraft:birch_planks":26,"minecraft:cobblestone_wall":4,"minecraft:gray_bed":5,"minecraft:spruce_log":42,"minecraft:birch_leaves":5,"minecraft:coal_ore":6,"minecraft:cocoa":2,"minecraft:gravel":27,"minecraft:spruce_fence_gate":4},"minecraft:custom":{"minecraft:animals_bred":588,"minecraft:interact_with_crafting_table":154,"minecraft:leave_game":25,"minecraft:time_since_death":160757,"minecraft:sprint_one_cm":873441,"minecraft:drop":71,"minecraft:talked_to_villager":9,"minecraft:play_time":666379,"minecraft:deaths":8,"minecraft:jump":7359,"minecraft:walk_on_water_one_cm":29413,"minecraft:interact_with_furnace":35,"minecraft:interact_with_loom":1,"minecraft:sleep_in_bed":30,"minecraft:damage_dealt":3007,"minecraft:crouch_one_cm":151158,"minecraft:interact_with_smoker":9,"minecraft:interact_with_smithing_table":1,"minecraft:mob_kills":23,"minecraft:inspect_hopper":1,"minecraft:climb_one_cm":21735,"minecraft:walk_one_cm":3725562,"minecraft:sneak_time":42427,"minecraft:walk_under_water_one_cm":5458,"minecraft:boat_one_cm":17010,"minecraft:interact_with_blast_furnace":8,"minecraft:total_world_time":666379,"minecraft:time_since_rest":7223,"minecraft:damage_taken":3230,"minecraft:swim_one_cm":7357,"minecraft:fly_one_cm":1403748,"minecraft:open_chest":117,"minecraft:fall_one_cm":97723},"minecraft:dropped":{"minecraft:brown_mushroom":4,"minecraft:birch_planks":27,"minecraft:crafting_table":1,"minecraft:dirt":1,"minecraft:yellow_dye":24,"minecraft:crimson_roots":1,"minecraft:bone_meal":3,"minecraft:iron_pickaxe":1,"minecraft:bone":1,"minecraft:chiseled_polished_blackstone":1,"minecraft:iron_nugget":72,"minecraft:rotten_flesh":5,"minecraft:oak_planks":6,"minecraft:azure_bluet":1,"minecraft:poppy":1,"minecraft:arrow":2,"minecraft:quartz":14,"minecraft:netherrack":4,"minecraft:egg":1,"minecraft:stone_hoe":2,"minecraft:iron_ingot":38,"minecraft:wheat_seeds":93,"minecraft:cobblestone":450,"minecraft:amethyst_block":19,"minecraft:stick":1,"minecraft:oxeye_daisy":2,"minecraft:torch":32,"minecraft:rose_bush":26,"minecraft:melon_slice":2,"minecraft:string":6,"minecraft:spruce_sapling":1,"minecraft:dandelion":1,"minecraft:furnace":2,"minecraft:bowl":2,"minecraft:tuff":7,"minecraft:composter":1,"minecraft:stone_shovel":3,"minecraft:glass_pane":48,"minecraft:spruce_planks":26,"minecraft:oak_sapling":5,"minecraft:wooden_shovel":1,"minecraft:bamboo":4,"minecraft:light_gray_dye":1,"minecraft:spruce_log":24}},"DataVersion":3463}