{"stats":{"minecraft:mined":{"minecraft:dark_oak_planks":21,"minecraft:white_bed":38,"minecraft:pink_bed":2,"minecraft:jungle_leaves":35,"minecraft:carved_pumpkin":2,"minecraft:obsidian":8,"minecraft:granite":21,"minecraft:red_sand":1,"minecraft:jungle_log":363,"minecraft:deepslate_bricks":45,"minecraft:hopper":36,"minecraft:nether_wart":40,"minecraft:oak_wall_sign":2,"minecraft:oxeye_daisy":1,"minecraft:spawner":6,"minecraft:polished_blackstone_bricks":1,"minecraft:magma_block":20,"minecraft:cobbled_deepslate":53,"minecraft:fire":15,"minecraft:barrel":12,"minecraft:pumpkin":9,"minecraft:deepslate_lapis_ore":4,"minecraft:nether_brick_stairs":1,"minecraft:cave_vines":2,"minecraft:polished_deepslate_slab":8,"minecraft:dirt_path":3,"minecraft:quartz_slab":3,"minecraft:tripwire":29,"minecraft:jungle_trapdoor":31,"minecraft:jungle_button":2,"minecraft:cut_sandstone":15,"minecraft:brown_mushroom":6,"minecraft:smoker":8,"minecraft:crimson_nylium":1,"minecraft:soul_fire":31,"minecraft:deepslate_tile_slab":9,"minecraft:torch":51,"minecraft:blast_furnace":4,"minecraft:melon":31,"minecraft:smooth_quartz_slab":1,"minecraft:glass":14,"minecraft:sugar_cane":76,"minecraft:white_terracotta":66,"minecraft:chain":2,"minecraft:wheat":156,"minecraft:birch_door":2,"minecraft:stone_brick_stairs":1,"minecraft:grass":1330,"minecraft:oak_fence_gate":5,"minecraft:smooth_basalt":12,"minecraft:stonecutter":16,"minecraft:piston":20,"minecraft:deepslate":623,"minecraft:deepslate_tiles":3,"minecraft:mossy_cobblestone":1,"minecraft:dark_oak_log":118,"minecraft:nether_bricks":32,"minecraft:dark_oak_fence":75,"minecraft:cobbled_deepslate_slab":3,"minecraft:spruce_fence":10,"minecraft:jungle_planks":8,"minecraft:redstone_wire":1,"minecraft:moss_block":5,"minecraft:white_concrete_powder":16,"minecraft:redstone_ore":5,"minecraft:jungle_sapling":1,"minecraft:andesite":48,"minecraft:potatoes":157,"minecraft:cobblestone_slab":26,"minecraft:vine":116,"minecraft:rail":54,"minecraft:bamboo":2,"minecraft:bone_block":85,"minecraft:smithing_table":2,"minecraft:oak_slab":9,"minecraft:redstone_block":3,"minecraft:glass_pane":25,"minecraft:soul_sand":13,"minecraft:stone_brick_slab":1,"minecraft:observer":3,"minecraft:dandelion":10,"minecraft:cornflower":4,"minecraft:emerald_ore":2,"minecraft:tall_grass":103,"minecraft:copper_ore":17,"minecraft:deepslate_gold_ore":181,"minecraft:diorite":62,"minecraft:spruce_log":114,"minecraft:zombie_head":2,"minecraft:gravel":268,"minecraft:dripstone_block":4,"minecraft:cobweb":76,"minecraft:oak_button":12,"minecraft:chipped_anvil":2,"minecraft:gold_ore":5,"minecraft:fern":298,"minecraft:stone_pressure_plate":1,"minecraft:farmland":23,"minecraft:jungle_slab":33,"minecraft:cobblestone_stairs":15,"minecraft:sculk_vein":1,"minecraft:brewing_stand":1,"minecraft:spruce_trapdoor":2,"minecraft:grass_block":1939,"minecraft:cracked_polished_blackstone_bricks":1,"minecraft:white_concrete":150,"minecraft:soul_soil":2,"minecraft:composter":2,"minecraft:gilded_blackstone":3,"minecraft:smooth_stone":4,"minecraft:glowstone":12,"minecraft:iron_ore":406,"minecraft:anvil":6,"minecraft:dark_oak_stairs":1,"minecraft:azalea":2,"minecraft:spruce_slab":7,"minecraft:deepslate_redstone_ore":46,"minecraft:quartz_block":10,"minecraft:blackstone":53,"minecraft:polished_deepslate_stairs":27,"minecraft:soul_lantern":2,"minecraft:clay":14,"minecraft:calcite":5,"minecraft:poppy":20,"minecraft:chest":28,"minecraft:nether_quartz_ore":153,"minecraft:cobblestone":220,"minecraft:grindstone":7,"minecraft:oak_planks":22,"minecraft:iron_door":2,"minecraft:wall_torch":60,"minecraft:powered_rail":6,"minecraft:dark_oak_slab":11,"minecraft:dark_oak_door":2,"minecraft:birch_log":10,"minecraft:birch_trapdoor":3,"minecraft:activator_rail":13,"minecraft:tnt":10,"minecraft:smooth_stone_slab":2,"minecraft:oak_log":328,"minecraft:sand":1008,"minecraft:dirt":2410,"minecraft:tripwire_hook":1,"minecraft:netherrack":222,"minecraft:polished_deepslate_wall":5,"minecraft:oak_leaves":543,"minecraft:crying_obsidian":1,"minecraft:tuff":22,"minecraft:dark_oak_leaves":2,"minecraft:deepslate_diamond_ore":32,"minecraft:lever":4,"minecraft:spruce_leaves":19,"minecraft:sandstone":18,"minecraft:rooted_dirt":47,"minecraft:hay_block":16,"minecraft:oak_trapdoor":7,"minecraft:furnace":23,"minecraft:carrots":577,"minecraft:chiseled_sandstone":1,"minecraft:dark_oak_fence_gate":2,"minecraft:peony":7,"minecraft:gold_block":20,"minecraft:polished_deepslate":3,"minecraft:deepslate_iron_ore":148,"minecraft:lantern":8,"minecraft:stone":3553,"minecraft:podzol":5,"minecraft:flowering_azalea":3,"minecraft:basalt":39,"minecraft:oak_fence":8,"minecraft:crafting_table":20,"minecraft:lectern":29,"minecraft:lapis_ore":13,"usefulbackpacks:filter_configurator":1,"minecraft:redstone_torch":2,"minecraft:sweet_berry_bush":67,"minecraft:white_wall_banner":1,"minecraft:coal_ore":487,"minecraft:cocoa":1,"minecraft:polished_andesite":10},"minecraft:killed":{"minecraft:cave_spider":1,"minecraft:skeleton":33,"minecraft:chicken":7,"minecraft:cat":1,"minecraft:magma_cube":5,"minecraft:iron_golem":7,"minecraft:pillager":8,"minecraft:zombie":76,"minecraft:cow":55,"minecraft:horse":3,"minecraft:husk":1,"minecraft:wandering_trader":1,"minecraft:enderman":1,"minecraft:spider":23,"minecraft:pig":6,"minecraft:creeper":4,"minecraft:sheep":9,"minecraft:trader_llama":2,"minecraft:blaze":42,"minecraft:phantom":1,"minecraft:drowned":2,"minecraft:wither_skeleton":7,"minecraft:villager":14},"minecraft:killed_by":{"minecraft:pillager":1,"minecraft:ravager":1,"minecraft:zombie":5,"minecraft:warden":6,"minecraft:creeper":2,"minecraft:cave_spider":3,"minecraft:blaze":1,"minecraft:player":1,"minecraft:iron_golem":1,"minecraft:skeleton":2},"minecraft:picked_up":{"minecraft:birch_door":2,"minecraft:iron_chestplate":5,"minecraft:anvil":6,"minecraft:smithing_table":2,"minecraft:lead":23,"usefulbackpacks:filter_configurator":1,"minecraft:brewing_stand":1,"minecraft:polished_deepslate_wall":5,"minecraft:polished_deepslate":3,"minecraft:string":215,"minecraft:soul_soil":4,"minecraft:diamond_leggings":1,"minecraft:cobbled_deepslate":673,"minecraft:spruce_planks":49,"minecraft:melon_slice":149,"minecraft:dark_oak_door":2,"minecraft:spruce_pressure_plate":1,"minecraft:composter":2,"minecraft:stone_sword":3,"minecraft:carved_pumpkin":2,"minecraft:white_terracotta":128,"minecraft:blaze_rod":13,"minecraft:birch_log":10,"minecraft:furnace_minecart":5,"minecraft:cooked_beef":32,"minecraft:magma_block":28,"minecraft:feather":8,"minecraft:iron_door":2,"minecraft:jungle_log":357,"minecraft:smoker":8,"minecraft:flint":31,"minecraft:lantern":8,"minecraft:chipped_anvil":2,"minecraft:stonecutter":16,"minecraft:glowstone_dust":43,"minecraft:moss_block":4,"minecraft:dark_oak_log":118,"minecraft:barrel":12,"minecraft:polished_andesite":10,"minecraft:lever":6,"minecraft:granite":21,"minecraft:rooted_dirt":46,"minecraft:dark_oak_fence":84,"minecraft:crafting_table":21,"minecraft:nether_wart":43,"minecraft:clay_ball":55,"minecraft:cornflower":4,"minecraft:jungle_trapdoor":34,"minecraft:glass_pane":48,"usefulbackpacks:backpack_small":1,"minecraft:beef":134,"minecraft:jungle_sapling":5,"minecraft:iron_nugget":12,"minecraft:poppy":41,"minecraft:spruce_slab":8,"minecraft:minecart":17,"minecraft:chest":29,"minecraft:piston":20,"minecraft:egg":164,"minecraft:sandstone":18,"minecraft:polished_deepslate_slab":9,"minecraft:spruce_fence":7,"minecraft:carrot":2193,"minecraft:redstone":227,"minecraft:tnt":10,"minecraft:stone_shovel":3,"minecraft:peony":7,"minecraft:deepslate_bricks":44,"minecraft:diamond_boots":1,"minecraft:hay_block":15,"minecraft:mutton":16,"minecraft:glow_berries":14,"minecraft:bone_block":83,"minecraft:white_wool":125,"minecraft:rail":110,"minecraft:oxeye_daisy":1,"minecraft:tripwire_hook":1,"minecraft:yellow_dye":24,"minecraft:fern":2,"minecraft:oak_log":327,"minecraft:jungle_button":4,"minecraft:white_banner":5,"minecraft:apple":7,"minecraft:stone_pickaxe":1,"minecraft:oak_fence_gate":5,"minecraft:iron_sword":1,"minecraft:flowering_azalea":3,"minecraft:dark_oak_stairs":1,"minecraft:smooth_basalt":12,"minecraft:dark_oak_slab":29,"minecraft:sweet_berries":195,"minecraft:gravel":236,"minecraft:spruce_sapling":11,"minecraft:spruce_log":123,"minecraft:crying_obsidian":1,"minecraft:diamond_shovel":1,"minecraft:stone_axe":1,"minecraft:gray_wool":4,"minecraft:oak_button":70,"minecraft:smooth_quartz_slab":1,"minecraft:hopper":36,"minecraft:ender_pearl":1,"minecraft:wheat":136,"minecraft:redstone_block":3,"minecraft:gilded_blackstone":3,"minecraft:stone_brick_stairs":1,"minecraft:raw_copper":57,"minecraft:smooth_stone_slab":2,"minecraft:iron_leggings":3,"minecraft:zombie_head":2,"minecraft:oak_sign":4,"minecraft:activator_rail":20,"minecraft:deepslate_tiles":3,"minecraft:red_sand":1,"minecraft:smooth_stone":4,"minecraft:bucket":1,"minecraft:redstone_torch":3,"minecraft:cobblestone_slab":39,"minecraft:calcite":10,"minecraft:azalea":3,"minecraft:iron_pickaxe":2,"minecraft:iron_boots":1,"minecraft:furnace":23,"minecraft:stick":826,"minecraft:birch_trapdoor":3,"minecraft:polished_deepslate_stairs":28,"minecraft:oak_fence":8,"minecraft:torch":174,"minecraft:porkchop":19,"minecraft:pointed_dripstone":7,"minecraft:diorite":69,"minecraft:vine":22,"minecraft:quartz_block":33,"minecraft:rotten_flesh":97,"minecraft:obsidian":8,"minecraft:cobblestone":3905,"minecraft:andesite":47,"minecraft:potato":395,"minecraft:tuff":21,"minecraft:lapis_lazuli":147,"minecraft:dirt":4859,"minecraft:name_tag":1,"minecraft:glass":28,"minecraft:bone":46,"minecraft:bow":4,"minecraft:wheat_seeds":744,"minecraft:cobbled_deepslate_wall":8,"minecraft:raw_gold":186,"minecraft:cobbled_deepslate_slab":5,"minecraft:grindstone":7,"minecraft:bamboo":65,"minecraft:powered_rail":10,"minecraft:oak_planks":22,"minecraft:poisonous_potato":5,"minecraft:jungle_planks":14,"minecraft:sand":1204,"minecraft:nether_brick_stairs":1,"minecraft:jungle_slab":39,"minecraft:chiseled_sandstone":1,"minecraft:mossy_cobblestone":1,"minecraft:diamond":32,"minecraft:spruce_boat":40,"minecraft:soul_lantern":3,"minecraft:cracked_polished_blackstone_bricks":4,"minecraft:grass":14,"minecraft:white_concrete":150,"minecraft:golden_apple":1,"minecraft:emerald":15,"minecraft:netherrack":257,"minecraft:oak_sapling":60,"minecraft:oak_leaves":214,"minecraft:cocoa_beans":26,"minecraft:splash_potion":1,"minecraft:chicken":6,"minecraft:chest_minecart":2,"minecraft:brown_mushroom":7,"minecraft:gold_block":35,"minecraft:chain":1,"minecraft:shield":1,"minecraft:oak_trapdoor":7,"minecraft:iron_axe":1,"minecraft:quartz_slab":3,"minecraft:blackstone":86,"minecraft:oak_boat":13,"minecraft:observer":3,"minecraft:lectern":29,"minecraft:sugar_cane":160,"minecraft:spruce_trapdoor":2,"minecraft:raw_iron":554,"minecraft:copper_ingot":2,"minecraft:polished_blackstone_bricks":2,"minecraft:stone_pressure_plate":1,"minecraft:dark_oak_planks":38,"minecraft:arrow":38,"minecraft:nether_bricks":32,"minecraft:saddle":2,"minecraft:jungle_boat":8,"minecraft:basalt":38,"minecraft:cut_sandstone":15,"minecraft:leather":88,"minecraft:birch_planks":32,"minecraft:gunpowder":11,"minecraft:cobblestone_stairs":15,"minecraft:deepslate_tile_slab":10,"minecraft:iron_ingot":85,"minecraft:soul_sand":22,"minecraft:book":3,"minecraft:oak_slab":10,"minecraft:pink_bed":2,"minecraft:pumpkin":9,"minecraft:quartz":178,"minecraft:dandelion":11,"minecraft:dripstone_block":20,"minecraft:lava_bucket":1,"minecraft:blast_furnace":4,"minecraft:white_bed":39,"minecraft:dark_oak_fence_gate":3,"minecraft:spider_eye":4,"usefulbackpacks:backpack_large":1,"minecraft:pumpkin_seeds":4,"minecraft:white_concrete_powder":16,"minecraft:iron_helmet":1,"minecraft:black_wool":1,"minecraft:coal":737},"minecraft:custom":{"minecraft:interact_with_crafting_table":449,"minecraft:open_barrel":55,"minecraft:leave_game":68,"minecraft:time_since_death":35047,"minecraft:damage_blocked_by_shield":4270,"minecraft:play_time":3086372,"minecraft:deaths":52,"minecraft:jump":34688,"minecraft:interact_with_furnace":293,"minecraft:traded_with_villager":343,"minecraft:sleep_in_bed":55,"minecraft:damage_dealt":55495,"minecraft:interact_with_smoker":5,"minecraft:inspect_dispenser":18,"minecraft:horse_one_cm":2415067,"minecraft:interact_with_smithing_table":2,"minecraft:interact_with_anvil":42,"minecraft:inspect_hopper":18,"minecraft:sneak_time":139459,"minecraft:interact_with_blast_furnace":62,"minecraft:total_world_time":3086372,"minecraft:interact_with_stonecutter":46,"minecraft:time_since_rest":10966,"minecraft:swim_one_cm":788737,"minecraft:fly_one_cm":6929506,"minecraft:open_chest":1120,"minecraft:fall_one_cm":969197,"minecraft:animals_bred":97,"minecraft:sprint_one_cm":4936816,"minecraft:drop":211,"minecraft:talked_to_villager":237,"minecraft:interact_with_brewingstand":7,"minecraft:walk_on_water_one_cm":860365,"minecraft:crouch_one_cm":407254,"minecraft:mob_kills":325,"minecraft:climb_one_cm":148918,"minecraft:walk_one_cm":9507984,"minecraft:walk_under_water_one_cm":431074,"minecraft:boat_one_cm":1458245,"minecraft:interact_with_grindstone":6,"minecraft:damage_taken":29672,"minecraft:minecart_one_cm":10807},"minecraft:dropped":{"minecraft:iron_sword":1,"minecraft:cooked_beef":37,"minecraft:diamond":1,"minecraft:saddle":1,"minecraft:emerald":24,"minecraft:dirt":1100,"minecraft:yellow_dye":24,"minecraft:sand":19,"minecraft:iron_pickaxe":4,"minecraft:white_wool":5,"usefulbackpacks:backpack_large":2,"minecraft:sugar_cane":7,"minecraft:lever":1,"minecraft:cobbled_deepslate":64,"minecraft:rotten_flesh":1,"minecraft:white_bed":1,"minecraft:glass":26,"minecraft:beef":19,"minecraft:enchanted_book":1,"minecraft:iron_ingot":135,"usefulbackpacks:backpack_medium":1,"minecraft:wheat_seeds":116,"minecraft:golden_horse_armor":1,"minecraft:cobblestone":107,"minecraft:iron_helmet":2,"minecraft:book":5,"minecraft:lava_bucket":1,"minecraft:golden_carrot":18,"minecraft:string":32,"minecraft:spruce_sapling":4,"minecraft:stone_sword":2,"minecraft:experience_bottle":1,"minecraft:iron_boots":2,"minecraft:potato":106,"minecraft:redstone_torch":1,"minecraft:moss_block":4,"minecraft:brown_mushroom":1,"minecraft:oak_log":9,"minecraft:leather":39,"minecraft:jungle_button":1,"minecraft:gravel":1,"minecraft:carrot":576,"minecraft:poppy":2,"minecraft:azalea":2,"minecraft:chest":2,"minecraft:netherrack":8,"minecraft:bread":19,"minecraft:poisonous_potato":1,"minecraft:stick":1,"minecraft:milk_bucket":1,"minecraft:diorite":2,"minecraft:torch":3,"minecraft:zombie_head":1,"minecraft:iron_leggings":3,"minecraft:flowering_azalea":1,"minecraft:iron_axe":1,"minecraft:bucket":1,"minecraft:dandelion":2,"minecraft:glass_pane":48,"minecraft:deepslate_bricks":1,"minecraft:shield":1,"minecraft:oak_button":27,"minecraft:iron_chestplate":6,"minecraft:spruce_log":49},"minecraft:crafted":{"minecraft:jungle_button":95,"minecraft:smooth_stone":12,"minecraft:oak_sign":12,"minecraft:polished_deepslate_wall":4,"minecraft:pink_bed":1,"minecraft:blaze_powder":10,"minecraft:chain":14,"minecraft:lever":20,"minecraft:diamond_shovel":1,"minecraft:nether_brick":1,"minecraft:bookshelf":3,"minecraft:cooked_mutton":16,"minecraft:deepslate_brick_stairs":1,"minecraft:glass":480,"minecraft:quartz_block":28,"minecraft:diamond_helmet":6,"minecraft:diamond_leggings":3,"minecraft:iron_door":3,"minecraft:birch_door":3,"minecraft:furnace_minecart":1,"minecraft:emerald":316,"minecraft:cooked_porkchop":16,"minecraft:diamond_axe":1,"minecraft:jungle_boat":1,"minecraft:smithing_table":2,"minecraft:cobbled_deepslate_wall":8,"minecraft:fletching_table":4,"minecraft:polished_deepslate_slab":4,"minecraft:lectern":3,"minecraft:stone_slab":6,"usefulbackpacks:backpack_large":4,"minecraft:iron_pickaxe":14,"minecraft:iron_block":9,"minecraft:gold_ingot":227,"minecraft:light_gray_dye":1,"minecraft:composter":4,"minecraft:golden_carrot":196,"minecraft:stone_shovel":1,"minecraft:iron_nugget":72,"minecraft:polished_deepslate_stairs":4,"minecraft:soul_torch":8,"minecraft:bone_meal":891,"usefulbackpacks:filter_configurator":1,"minecraft:spruce_fence":129,"minecraft:pink_dye":2,"minecraft:lantern":6,"minecraft:dark_oak_fence":3,"minecraft:spruce_slab":18,"minecraft:stone_pickaxe":3,"minecraft:diamond_boots":3,"minecraft:quartz_slab":12,"minecraft:deepslate_tile_wall":4,"minecraft:spruce_boat":1,"minecraft:redstone_block":3,"minecraft:dark_oak_planks":404,"minecraft:wheat":9,"minecraft:deepslate_tiles":15,"minecraft:orange_dye":2,"minecraft:jungle_slab":96,"minecraft:oak_fence_gate":11,"minecraft:soul_lantern":1,"minecraft:golden_apple":1,"minecraft:birch_trapdoor":4,"minecraft:iron_shovel":11,"minecraft:iron_leggings":2,"minecraft:white_bed":23,"minecraft:grindstone":3,"minecraft:oak_planks":1184,"minecraft:cobblestone_slab":34,"minecraft:barrel":7,"minecraft:cooked_chicken":4,"usefulbackpacks:backpack_small":3,"minecraft:cobblestone_stairs":28,"minecraft:stone":82,"minecraft:hopper":26,"minecraft:bow":2,"minecraft:iron_boots":2,"minecraft:chest":50,"minecraft:oak_button":30,"minecraft:smoker":3,"minecraft:quartz_stairs":2,"minecraft:oak_slab":90,"minecraft:crafting_table":13,"minecraft:spruce_planks":256,"minecraft:wooden_pickaxe":1,"minecraft:iron_helmet":2,"minecraft:birch_planks":40,"minecraft:dispenser":3,"minecraft:spruce_trapdoor":4,"minecraft:dark_oak_slab":78,"minecraft:book":15,"minecraft:iron_chestplate":2,"minecraft:paper":45,"minecraft:diamond_pickaxe":3,"minecraft:charcoal":2,"minecraft:yellow_dye":1,"minecraft:shield":3,"minecraft:stick":2451,"minecraft:iron_ingot":536,"minecraft:stone_sword":1,"minecraft:redstone_torch":10,"minecraft:dark_oak_fence_gate":2,"minecraft:deepslate_bricks":44,"minecraft:shears":3,"minecraft:deepslate_tile_slab":58,"minecraft:cobbled_deepslate_slab":8,"minecraft:tripwire_hook":2,"minecraft:furnace":13,"minecraft:blast_furnace":4,"minecraft:piston":29,"minecraft:jungle_trapdoor":54,"minecraft:oak_trapdoor":8,"minecraft:glass_pane":224,"minecraft:flint_and_steel":1,"minecraft:white_concrete_powder":416,"minecraft:polished_deepslate":1,"minecraft:iron_axe":11,"minecraft:iron_hoe":1,"usefulbackpacks:backpack_medium":3,"minecraft:minecart":2,"minecraft:observer":10,"minecraft:cooked_beef":86,"minecraft:red_dye":2,"minecraft:diamond_sword":1,"minecraft:iron_sword":2,"minecraft:bucket":3,"minecraft:stone_axe":1,"minecraft:air":0,"minecraft:jungle_planks":1284,"minecraft:oak_boat":1,"minecraft:gold_nugget":1575,"minecraft:white_dye":72,"minecraft:stonecutter":1,"minecraft:anvil":2,"minecraft:torch":124,"minecraft:diamond_chestplate":4},"minecraft:broken":{"minecraft:diamond_helmet":1,"minecraft:shears":1,"minecraft:iron_boots":1,"minecraft:golden_sword":1,"minecraft:diamond_pickaxe":2,"minecraft:iron_axe":2,"minecraft:iron_pickaxe":11,"minecraft:iron_helmet":1,"minecraft:iron_shovel":11,"minecraft:stone_pickaxe":2,"minecraft:stone_axe":1,"minecraft:stone_shovel":1},"minecraft:used":{"minecraft:smooth_quartz_slab":1,"minecraft:dispenser":3,"minecraft:spruce_slab":20,"minecraft:chest":56,"minecraft:stone":64,"minecraft:quartz_stairs":2,"minecraft:rotten_flesh":1,"minecraft:soul_sand":10,"minecraft:jungle_slab":128,"minecraft:spruce_boat":42,"minecraft:jungle_sapling":2,"minecraft:lava_bucket":28,"minecraft:villager_spawn_egg":17,"minecraft:quartz_block":10,"minecraft:dark_oak_slab":73,"minecraft:stone_brick_stairs":1,"minecraft:bow":24,"minecraft:sweet_berries":159,"minecraft:oak_sapling":32,"minecraft:furnace":28,"minecraft:cooked_cod":8,"minecraft:egg":24,"minecraft:potato":230,"minecraft:diorite":14,"minecraft:powered_rail":13,"minecraft:wooden_pickaxe":10,"minecraft:composter":6,"usefulbackpacks:filter_configurator":2,"minecraft:jungle_boat":8,"minecraft:oak_leaves":60,"minecraft:golden_apple":1,"minecraft:sand":287,"minecraft:blast_furnace":8,"minecraft:deepslate_brick_stairs":1,"minecraft:deepslate_tiles":15,"minecraft:crying_obsidian":1,"minecraft:lectern":32,"minecraft:soul_lantern":3,"minecraft:diamond_sword":1199,"minecraft:smithing_table":4,"minecraft:dark_oak_fence":87,"minecraft:oak_boat":13,"minecraft:oak_trapdoor":15,"minecraft:stone_sword":79,"minecraft:carved_pumpkin":1,"minecraft:netherrack":197,"minecraft:torch":348,"minecraft:anvil":15,"minecraft:jungle_trapdoor":92,"minecraft:oak_fence_gate":14,"minecraft:chipped_anvil":2,"minecraft:iron_axe":715,"minecraft:iron_block":8,"minecraft:polished_deepslate_wall":9,"minecraft:jungle_log":6,"minecraft:barrel":18,"minecraft:diamond_chestplate":2,"minecraft:tripwire_hook":3,"minecraft:basalt":37,"minecraft:cobbled_deepslate":386,"minecraft:observer":11,"minecraft:golden_axe":8,"minecraft:wheat_seeds":308,"minecraft:water_bucket":302,"minecraft:fletching_table":4,"minecraft:deepslate_bricks":327,"minecraft:gilded_blackstone":1,"minecraft:polished_deepslate_slab":13,"minecraft:rail":102,"minecraft:vine":5,"minecraft:tnt":19,"minecraft:oak_slab":93,"minecraft:crafting_table":33,"minecraft:white_bed":70,"minecraft:dark_oak_fence_gate":4,"minecraft:spruce_log":2,"minecraft:deepslate_tile_wall":12,"minecraft:oak_log":14,"minecraft:diamond_pickaxe":3752,"minecraft:diamond_shovel":2439,"minecraft:oak_button":239,"minecraft:iron_pickaxe":3205,"minecraft:spruce_trapdoor":6,"minecraft:pink_bed":3,"minecraft:cobblestone":1434,"minecraft:potion":1,"minecraft:cooked_porkchop":16,"minecraft:glass_pane":227,"minecraft:diamond_leggings":2,"minecraft:iron_shovel":2810,"minecraft:polished_deepslate":3,"minecraft:oak_sign":13,"minecraft:diamond_hoe":772,"minecraft:white_concrete_powder":432,"minecraft:shield":122,"minecraft:iron_sword":479,"minecraft:zombie_spawn_egg":11,"minecraft:iron_chestplate":1,"minecraft:jungle_planks":120,"minecraft:nether_bricks":3,"minecraft:carrot":867,"minecraft:deepslate_tile_slab":354,"minecraft:furnace_minecart":5,"minecraft:axolotl_bucket":1,"minecraft:obsidian":8,"minecraft:milk_bucket":1,"minecraft:polished_deepslate_stairs":28,"minecraft:glass":472,"minecraft:quartz_slab":14,"minecraft:lantern":14,"minecraft:iron_helmet":1,"minecraft:golden_sword":98,"minecraft:birch_trapdoor":7,"minecraft:hay_block":4,"minecraft:jungle_button":97,"minecraft:stone_pickaxe":380,"minecraft:oak_planks":99,"minecraft:redstone_block":4,"minecraft:sugar_cane":38,"minecraft:diamond_axe":1049,"minecraft:shears":282,"minecraft:redstone_torch":10,"minecraft:lever":24,"minecraft:melon_slice":86,"minecraft:string":75,"minecraft:bread":2,"minecraft:iron_door":2,"minecraft:gravel":1,"minecraft:grindstone":10,"minecraft:andesite":20,"minecraft:smooth_stone_slab":2,"minecraft:chain":15,"minecraft:chest_minecart":1,"minecraft:white_concrete":80,"minecraft:bone_meal":630,"minecraft:golden_pickaxe":109,"minecraft:experience_bottle":3,"minecraft:oak_fence":3,"minecraft:flint_and_steel":70,"minecraft:stone_shovel":207,"minecraft:redstone":51,"minecraft:spruce_planks":3,"minecraft:cooked_chicken":1,"minecraft:dirt":2546,"minecraft:hopper":54,"minecraft:spruce_fence":104,"minecraft:granite":16,"minecraft:birch_door":4,"minecraft:iron_hoe":414,"minecraft:dark_oak_planks":344,"minecraft:iron_boots":2,"minecraft:golden_carrot":165,"minecraft:minecart":17,"minecraft:cooked_beef":59,"minecraft:iron_leggings":1,"minecraft:cooked_mutton":16,"minecraft:cobblestone_stairs":36,"minecraft:stonecutter":17,"minecraft:cobblestone_slab":293,"minecraft:smoker":11,"minecraft:dark_oak_door":4,"minecraft:piston":47,"minecraft:activator_rail":14,"minecraft:apple":5,"minecraft:stone_axe":122,"minecraft:cobbled_deepslate_slab":5,"minecraft:bucket":328,"minecraft:splash_potion":4}},"DataVersion":3463}