{"stats":{"minecraft:mined":{"minecraft:oak_log":2,"minecraft:oak_leaves":4},"minecraft:picked_up":{"minecraft:oak_log":2,"minecraft:wheat_seeds":2},"minecraft:used":{"minecraft:redstone_block":26,"minecraft:tnt":164},"minecraft:custom":{"minecraft:jump":38,"minecraft:time_since_rest":4443,"minecraft:leave_game":1,"minecraft:walk_on_water_one_cm":1338,"minecraft:sprint_one_cm":3588,"minecraft:play_time":4443,"minecraft:damage_taken":20,"minecraft:time_since_death":4443,"minecraft:walk_one_cm":24200,"minecraft:total_world_time":4443,"minecraft:fall_one_cm":404,"minecraft:fly_one_cm":46160}},"DataVersion":3463}